[2026-09-29 18:14:09] 기존 카탈로그 로드 완료: 0개 모델 등록됨
[2026-09-29 18:14:09] 🚀 국산차 전 차종 연식별 신차 옵션 패키지 일괄 수집을 시작합니다.
[2026-09-29 18:14:09] 
==========================================
[2026-09-29 18:14:09] 🏢 [현대] 모델 목록 탐색 시작...
[2026-09-29 18:14:09] ==========================================
[2026-09-29 18:14:09] ▶ [현대] i30 (PD) (연식 5개: 2020~2016)
[2026-09-29 18:14:09]   [수집성공] 현대 i30 (PD) (2020년형) -> 등급 2개 | 옵션 5개 | 패키지 4개
[2026-09-29 18:14:10]   [수집성공] 현대 i30 (PD) (2019년형) -> 등급 5개 | 옵션 15개 | 패키지 10개
[2026-09-29 18:14:10]   [수집성공] 현대 i30 (PD) (2018년형) -> 등급 8개 | 옵션 21개 | 패키지 13개
[2026-09-29 18:14:11]   [수집성공] 현대 i30 (PD) (2017년형) -> 등급 8개 | 옵션 21개 | 패키지 12개
[2026-09-29 18:14:12]   [수집성공] 현대 i30 (PD) (2016년형) -> 등급 8개 | 옵션 9개 | 패키지 7개
[2026-09-29 18:14:13] ▶ [현대] 더 뉴 i30 (연식 2개: 2016~2015)
[2026-09-29 18:14:13]   [수집성공] 현대 더 뉴 i30 (2016년형) -> 등급 8개 | 옵션 7개 | 패키지 5개
[2026-09-29 18:14:14]   [수집성공] 현대 더 뉴 i30 (2015년형) -> 등급 8개 | 옵션 7개 | 패키지 5개
[2026-09-29 18:14:15] ▶ [현대] i30(신형) (연식 3개: 2015~2013)
[2026-09-29 18:14:15]   [수집성공] 현대 i30(신형) (2015년형) -> 등급 8개 | 옵션 7개 | 패키지 5개
[2026-09-29 18:14:16]   [수집성공] 현대 i30(신형) (2014년형) -> 등급 8개 | 옵션 7개 | 패키지 5개
[2026-09-29 18:14:17]   [수집성공] 현대 i30(신형) (2013년형) -> 등급 6개 | 옵션 5개 | 패키지 0개
[2026-09-29 18:14:18] ▶ [현대] 더 뉴 i40 (연식 5개: 2019~2015)
[2026-09-29 18:14:18]   [수집성공] 현대 더 뉴 i40 (2019년형) -> 등급 4개 | 옵션 7개 | 패키지 6개
[2026-09-29 18:14:19]   [수집성공] 현대 더 뉴 i40 (2018년형) -> 등급 5개 | 옵션 9개 | 패키지 6개
[2026-09-29 18:14:20]   [수집성공] 현대 더 뉴 i40 (2017년형) -> 등급 5개 | 옵션 9개 | 패키지 6개
[2026-09-29 18:14:21]   [수집성공] 현대 더 뉴 i40 (2016년형) -> 등급 3개 | 옵션 9개 | 패키지 7개
[2026-09-29 18:14:22]   [수집성공] 현대 더 뉴 i40 (2015년형) -> 등급 3개 | 옵션 9개 | 패키지 7개
[2026-09-29 18:14:23] ▶ [현대] 더 뉴 i40 살룬 (연식 5개: 2019~2015)
[2026-09-29 18:14:23]   [수집성공] 현대 더 뉴 i40 살룬 (2019년형) -> 등급 4개 | 옵션 7개 | 패키지 6개
[2026-09-29 18:14:24]   [수집성공] 현대 더 뉴 i40 살룬 (2018년형) -> 등급 5개 | 옵션 9개 | 패키지 6개
[2026-09-29 18:14:25]   [수집성공] 현대 더 뉴 i40 살룬 (2017년형) -> 등급 5개 | 옵션 9개 | 패키지 6개
[2026-09-29 18:14:26]   [수집성공] 현대 더 뉴 i40 살룬 (2016년형) -> 등급 3개 | 옵션 10개 | 패키지 7개
[2026-09-29 18:14:27]   [수집성공] 현대 더 뉴 i40 살룬 (2015년형) -> 등급 3개 | 옵션 10개 | 패키지 7개
[2026-09-29 18:14:28] ▶ [현대] i40 살룬 (연식 3개: 2015~2013)
[2026-09-29 18:14:28]   [수집성공] 현대 i40 살룬 (2015년형) -> 등급 3개 | 옵션 8개 | 패키지 6개
[2026-09-29 18:14:29]   [수집성공] 현대 i40 살룬 (2014년형) -> 등급 3개 | 옵션 8개 | 패키지 6개
[2026-09-29 18:14:30]   [수집성공] 현대 i40 살룬 (2013년형) -> 등급 6개 | 옵션 6개 | 패키지 2개
[2026-09-29 18:14:31] ▶ [현대] i40 (연식 3개: 2015~2013)
[2026-09-29 18:14:31]   [수집성공] 현대 i40 (2015년형) -> 등급 3개 | 옵션 7개 | 패키지 6개
[2026-09-29 18:14:32]   [수집성공] 현대 i40 (2014년형) -> 등급 3개 | 옵션 7개 | 패키지 6개
[2026-09-29 18:14:33]   [수집성공] 현대 i40 (2013년형) -> 등급 6개 | 옵션 8개 | 패키지 0개
[2026-09-29 18:14:33] ▶ [현대] ST1 (연식 3개: 2026~2024)
[2026-09-29 18:14:34]   [확인완료] 현대 ST1 (2026년형) -> 신차가격표 준비중/미등록
[2026-09-29 18:14:35]   [수집성공] 현대 ST1 (2025년형) -> 등급 8개 | 옵션 7개 | 패키지 3개
[2026-09-29 18:14:36]   [수집성공] 현대 ST1 (2024년형) -> 등급 5개 | 옵션 4개 | 패키지 3개
[2026-09-29 18:14:37] ▶ [현대] 더 뉴 그랜저 (GN7) (연식 1개: 2026~2026)
[2026-09-29 18:14:37]   [수집성공] 현대 더 뉴 그랜저 (GN7) (2026년형) -> 등급 10개 | 옵션 25개 | 패키지 15개
[2026-09-29 18:14:38] ▶ [현대] 더 뉴 그랜저 하이브리드 (GN7) (연식 1개: 2026~2026)
[2026-09-29 18:14:38]   [수집성공] 현대 더 뉴 그랜저 하이브리드 (GN7) (2026년형) -> 등급 4개 | 옵션 23개 | 패키지 14개
[2026-09-29 18:14:39] ▶ [현대] 그랜저 (GN7) (연식 5개: 2026~2022)
[2026-09-29 18:14:39]   [수집성공] 현대 그랜저 (GN7) (2026년형) -> 등급 11개 | 옵션 28개 | 패키지 20개
[2026-09-29 18:14:40]   [수집성공] 현대 그랜저 (GN7) (2025년형) -> 등급 12개 | 옵션 25개 | 패키지 17개
[2026-09-29 18:14:42]   [수집성공] 현대 그랜저 (GN7) (2024년형) -> 등급 12개 | 옵션 25개 | 패키지 17개
[2026-09-29 18:14:42]   [수집성공] 현대 그랜저 (GN7) (2023년형) -> 등급 12개 | 옵션 26개 | 패키지 18개
[2026-09-29 18:14:43]   [수집성공] 현대 그랜저 (GN7) (2022년형) -> 등급 12개 | 옵션 23개 | 패키지 16개
[2026-09-29 18:14:44] ▶ [현대] 그랜저 하이브리드 (GN7) (연식 5개: 2026~2022)
[2026-09-29 18:14:44]   [수집성공] 현대 그랜저 하이브리드 (GN7) (2026년형) -> 등급 5개 | 옵션 20개 | 패키지 14개
[2026-09-29 18:14:45]   [수집성공] 현대 그랜저 하이브리드 (GN7) (2025년형) -> 등급 4개 | 옵션 18개 | 패키지 11개
[2026-09-29 18:14:47]   [수집성공] 현대 그랜저 하이브리드 (GN7) (2024년형) -> 등급 4개 | 옵션 18개 | 패키지 11개
[2026-09-29 18:14:47]   [수집성공] 현대 그랜저 하이브리드 (GN7) (2023년형) -> 등급 4개 | 옵션 17개 | 패키지 10개
[2026-09-29 18:14:48]   [수집성공] 현대 그랜저 하이브리드 (GN7) (2022년형) -> 등급 4개 | 옵션 14개 | 패키지 10개
[2026-09-29 18:14:49] ▶ [현대] 더 뉴 그랜저 IG (연식 4개: 2022~2019)
[2026-09-29 18:14:49]   [수집성공] 현대 더 뉴 그랜저 IG (2022년형) -> 등급 12개 | 옵션 34개 | 패키지 21개
[2026-09-29 18:14:50]   [수집성공] 현대 더 뉴 그랜저 IG (2021년형) -> 등급 12개 | 옵션 28개 | 패키지 17개
[2026-09-29 18:14:51]   [수집성공] 현대 더 뉴 그랜저 IG (2020년형) -> 등급 12개 | 옵션 26개 | 패키지 17개
[2026-09-29 18:14:52]   [수집성공] 현대 더 뉴 그랜저 IG (2019년형) -> 등급 11개 | 옵션 21개 | 패키지 11개
[2026-09-29 18:14:53] ▶ [현대] 더 뉴 그랜저 IG 하이브리드 (연식 4개: 2022~2019)
[2026-09-29 18:14:53]   [수집성공] 현대 더 뉴 그랜저 IG 하이브리드 (2022년형) -> 등급 5개 | 옵션 10개 | 패키지 7개
[2026-09-29 18:14:54]   [수집성공] 현대 더 뉴 그랜저 IG 하이브리드 (2021년형) -> 등급 5개 | 옵션 12개 | 패키지 6개
[2026-09-29 18:14:55]   [수집성공] 현대 더 뉴 그랜저 IG 하이브리드 (2020년형) -> 등급 5개 | 옵션 12개 | 패키지 6개
[2026-09-29 18:14:56]   [수집성공] 현대 더 뉴 그랜저 IG 하이브리드 (2019년형) -> 등급 4개 | 옵션 12개 | 패키지 5개
[2026-09-29 18:14:57] ▶ [현대] 그랜저 IG 하이브리드 (연식 3개: 2019~2017)
[2026-09-29 18:14:57]   [수집성공] 현대 그랜저 IG 하이브리드 (2019년형) -> 등급 4개 | 옵션 9개 | 패키지 5개
[2026-09-29 18:14:58]   [수집성공] 현대 그랜저 IG 하이브리드 (2018년형) -> 등급 4개 | 옵션 10개 | 패키지 6개
[2026-09-29 18:14:59]   [수집성공] 현대 그랜저 IG 하이브리드 (2017년형) -> 등급 4개 | 옵션 9개 | 패키지 5개
[2026-09-29 18:15:00] ▶ [현대] 그랜저 IG (연식 4개: 2019~2016)
[2026-09-29 18:15:00]   [수집성공] 현대 그랜저 IG (2019년형) -> 등급 17개 | 옵션 40개 | 패키지 19개
[2026-09-29 18:15:01]   [수집성공] 현대 그랜저 IG (2018년형) -> 등급 17개 | 옵션 40개 | 패키지 21개
[2026-09-29 18:15:02]   [수집성공] 현대 그랜저 IG (2017년형) -> 등급 17개 | 옵션 39개 | 패키지 19개
[2026-09-29 18:15:03]   [수집성공] 현대 그랜저 IG (2016년형) -> 등급 16개 | 옵션 28개 | 패키지 16개
[2026-09-29 18:15:04] ▶ [현대] 그랜저 HG 하이브리드 (연식 5개: 2017~2013)
[2026-09-29 18:15:04]   [수집성공] 현대 그랜저 HG 하이브리드 (2017년형) -> 등급 4개 | 옵션 5개 | 패키지 3개
[2026-09-29 18:15:05]   [수집성공] 현대 그랜저 HG 하이브리드 (2016년형) -> 등급 2개 | 옵션 7개 | 패키지 6개
[2026-09-29 18:15:06]   [수집성공] 현대 그랜저 HG 하이브리드 (2015년형) -> 등급 2개 | 옵션 7개 | 패키지 6개
[2026-09-29 18:15:07]   [수집성공] 현대 그랜저 HG 하이브리드 (2014년형) -> 등급 2개 | 옵션 7개 | 패키지 0개
[2026-09-29 18:15:08]   [수집성공] 현대 그랜저 HG 하이브리드 (2013년형) -> 등급 2개 | 옵션 6개 | 패키지 0개
[2026-09-29 18:15:08] ▶ [현대] 그랜저 HG (연식 4개: 2016~2013)
[2026-09-29 18:15:09]   [수집성공] 현대 그랜저 HG (2016년형) -> 등급 12개 | 옵션 27개 | 패키지 15개
[2026-09-29 18:15:10]   [수집성공] 현대 그랜저 HG (2015년형) -> 등급 12개 | 옵션 26개 | 패키지 15개
[2026-09-29 18:15:11]   [수집성공] 현대 그랜저 HG (2014년형) -> 등급 10개 | 옵션 21개 | 패키지 0개
[2026-09-29 18:15:12]   [수집성공] 현대 그랜저 HG (2013년형) -> 등급 10개 | 옵션 18개 | 패키지 0개
[2026-09-29 18:15:13] ▶ [현대] 넥쏘 (NH2) (연식 2개: 2026~2025)
[2026-09-29 18:15:13]   [수집성공] 현대 넥쏘 (NH2) (2026년형) -> 등급 4개 | 옵션 7개 | 패키지 3개
[2026-09-29 18:15:14]   [수집성공] 현대 넥쏘 (NH2) (2025년형) -> 등급 4개 | 옵션 10개 | 패키지 4개
[2026-09-29 18:15:14] ▶ [현대] 넥쏘 (연식 8개: 2025~2018)
[2026-09-29 18:15:15]   [수집성공] 현대 넥쏘 (2025년형) -> 등급 2개 | 옵션 4개 | 패키지 2개
[2026-09-29 18:15:16]   [수집성공] 현대 넥쏘 (2024년형) -> 등급 2개 | 옵션 4개 | 패키지 2개
[2026-09-29 18:15:17]   [수집성공] 현대 넥쏘 (2023년형) -> 등급 3개 | 옵션 1개 | 패키지 1개
[2026-09-29 18:15:18]   [수집성공] 현대 넥쏘 (2022년형) -> 등급 3개 | 옵션 1개 | 패키지 1개
[2026-09-29 18:15:19]   [수집성공] 현대 넥쏘 (2021년형) -> 등급 3개 | 옵션 1개 | 패키지 1개
[2026-09-29 18:15:20]   [수집성공] 현대 넥쏘 (2020년형) -> 등급 3개 | 옵션 1개 | 패키지 1개
[2026-09-29 18:15:21]   [수집성공] 현대 넥쏘 (2019년형) -> 등급 3개 | 옵션 1개 | 패키지 1개
[2026-09-29 18:15:22]   [수집성공] 현대 넥쏘 (2018년형) -> 등급 3개 | 옵션 1개 | 패키지 0개
[2026-09-29 18:15:23] ▶ [현대] 더 뉴 맥스크루즈 (연식 5개: 2019~2015)
[2026-09-29 18:15:23]   [수집성공] 현대 더 뉴 맥스크루즈 (2019년형) -> 등급 5개 | 옵션 11개 | 패키지 3개
[2026-09-29 18:15:24]   [수집성공] 현대 더 뉴 맥스크루즈 (2018년형) -> 등급 8개 | 옵션 14개 | 패키지 4개
[2026-09-29 18:15:26]   [수집성공] 현대 더 뉴 맥스크루즈 (2017년형) -> 등급 7개 | 옵션 10개 | 패키지 4개
[2026-09-29 18:15:27]   [수집성공] 현대 더 뉴 맥스크루즈 (2016년형) -> 등급 8개 | 옵션 10개 | 패키지 5개
[2026-09-29 18:15:27]   [수집성공] 현대 더 뉴 맥스크루즈 (2015년형) -> 등급 8개 | 옵션 10개 | 패키지 5개
[2026-09-29 18:15:29] ▶ [현대] 맥스크루즈 (연식 3개: 2015~2013)
[2026-09-29 18:15:29]   [수집성공] 현대 맥스크루즈 (2015년형) -> 등급 6개 | 옵션 11개 | 패키지 5개
[2026-09-29 18:15:29]   [수집성공] 현대 맥스크루즈 (2014년형) -> 등급 4개 | 옵션 7개 | 패키지 1개
[2026-09-29 18:15:30]   [수집성공] 현대 맥스크루즈 (2013년형) -> 등급 4개 | 옵션 7개 | 패키지 1개
[2026-09-29 18:15:31] ▶ [현대] 베뉴 (연식 8개: 2026~2019)
[2026-09-29 18:15:31]   [수집성공] 현대 베뉴 (2026년형) -> 등급 5개 | 옵션 8개 | 패키지 3개
[2026-09-29 18:15:32]   [수집성공] 현대 베뉴 (2025년형) -> 등급 6개 | 옵션 7개 | 패키지 4개
[2026-09-29 18:15:33]   [수집성공] 현대 베뉴 (2024년형) -> 등급 6개 | 옵션 7개 | 패키지 4개
[2026-09-29 18:15:34]   [수집성공] 현대 베뉴 (2023년형) -> 등급 6개 | 옵션 8개 | 패키지 5개
[2026-09-29 18:15:35]   [수집성공] 현대 베뉴 (2022년형) -> 등급 5개 | 옵션 8개 | 패키지 4개
[2026-09-29 18:15:36]   [수집성공] 현대 베뉴 (2021년형) -> 등급 4개 | 옵션 13개 | 패키지 7개
[2026-09-29 18:15:37]   [수집성공] 현대 베뉴 (2020년형) -> 등급 4개 | 옵션 13개 | 패키지 8개
[2026-09-29 18:15:38]   [수집성공] 현대 베뉴 (2019년형) -> 등급 4개 | 옵션 13개 | 패키지 8개
[2026-09-29 18:15:39] ▶ [현대] 베라크루즈 (연식 3개: 2015~2013)
[2026-09-29 18:15:39]   [수집성공] 현대 베라크루즈 (2015년형) -> 등급 4개 | 옵션 2개 | 패키지 0개
[2026-09-29 18:15:40]   [수집성공] 현대 베라크루즈 (2014년형) -> 등급 6개 | 옵션 3개 | 패키지 0개
[2026-09-29 18:15:41]   [수집성공] 현대 베라크루즈 (2013년형) -> 등급 7개 | 옵션 1개 | 패키지 0개
[2026-09-29 18:15:42] ▶ [현대] 벨로스터 (JS) (연식 5개: 2022~2018)
[2026-09-29 18:15:42]   [수집성공] 현대 벨로스터 (JS) (2022년형) -> 등급 2개 | 옵션 11개 | 패키지 6개
[2026-09-29 18:15:43]   [수집성공] 현대 벨로스터 (JS) (2021년형) -> 등급 2개 | 옵션 10개 | 패키지 5개
[2026-09-29 18:15:44]   [수집성공] 현대 벨로스터 (JS) (2020년형) -> 등급 4개 | 옵션 15개 | 패키지 11개
[2026-09-29 18:15:45]   [수집성공] 현대 벨로스터 (JS) (2019년형) -> 등급 4개 | 옵션 14개 | 패키지 11개
[2026-09-29 18:15:46]   [수집성공] 현대 벨로스터 (JS) (2018년형) -> 등급 3개 | 옵션 11개 | 패키지 6개
[2026-09-29 18:15:46] ▶ [현대] 더 뉴 벨로스터 (연식 4개: 2018~2015)
[2026-09-29 18:15:46]   [수집성공] 현대 더 뉴 벨로스터 (2018년형) -> 등급 4개 | 옵션 7개 | 패키지 2개
[2026-09-29 18:15:48]   [수집성공] 현대 더 뉴 벨로스터 (2017년형) -> 등급 4개 | 옵션 7개 | 패키지 2개
[2026-09-29 18:15:49]   [수집성공] 현대 더 뉴 벨로스터 (2016년형) -> 등급 5개 | 옵션 9개 | 패키지 0개
[2026-09-29 18:15:49]   [수집성공] 현대 더 뉴 벨로스터 (2015년형) -> 등급 5개 | 옵션 9개 | 패키지 0개
[2026-09-29 18:15:50] ▶ [현대] 벨로스터 (연식 3개: 2015~2013)
[2026-09-29 18:15:51]   [수집성공] 현대 벨로스터 (2015년형) -> 등급 5개 | 옵션 12개 | 패키지 2개
[2026-09-29 18:15:51]   [수집성공] 현대 벨로스터 (2014년형) -> 등급 5개 | 옵션 12개 | 패키지 2개
[2026-09-29 18:15:53]   [수집성공] 현대 벨로스터 (2013년형) -> 등급 5개 | 옵션 7개 | 패키지 0개
[2026-09-29 18:15:54] ▶ [현대] 더 뉴 그랜드 스타렉스 (연식 5개: 2021~2017)
[2026-09-29 18:15:54]   [수집성공] 현대 더 뉴 그랜드 스타렉스 (2021년형) -> 등급 16개 | 옵션 19개 | 패키지 8개
[2026-09-29 18:15:55]   [수집성공] 현대 더 뉴 그랜드 스타렉스 (2020년형) -> 등급 16개 | 옵션 20개 | 패키지 8개
[2026-09-29 18:15:56]   [수집성공] 현대 더 뉴 그랜드 스타렉스 (2019년형) -> 등급 16개 | 옵션 20개 | 패키지 7개
[2026-09-29 18:15:57]   [수집성공] 현대 더 뉴 그랜드 스타렉스 (2018년형) -> 등급 18개 | 옵션 21개 | 패키지 7개
[2026-09-29 18:15:58]   [수집성공] 현대 더 뉴 그랜드 스타렉스 (2017년형) -> 등급 17개 | 옵션 20개 | 패키지 7개
[2026-09-29 18:15:59] ▶ [현대] 그랜드 스타렉스 (연식 6개: 2018~2013)
[2026-09-29 18:15:59]   [수집성공] 현대 그랜드 스타렉스 (2018년형) -> 등급 7개 | 옵션 5개 | 패키지 1개
[2026-09-29 18:16:00]   [수집성공] 현대 그랜드 스타렉스 (2017년형) -> 등급 20개 | 옵션 16개 | 패키지 6개
[2026-09-29 18:16:02]   [수집성공] 현대 그랜드 스타렉스 (2016년형) -> 등급 20개 | 옵션 14개 | 패키지 5개
[2026-09-29 18:16:03]   [수집성공] 현대 그랜드 스타렉스 (2015년형) -> 등급 20개 | 옵션 12개 | 패키지 2개
[2026-09-29 18:16:04]   [수집성공] 현대 그랜드 스타렉스 (2014년형) -> 등급 17개 | 옵션 13개 | 패키지 1개
[2026-09-29 18:16:05]   [수집성공] 현대 그랜드 스타렉스 (2013년형) -> 등급 13개 | 옵션 10개 | 패키지 0개
[2026-09-29 18:16:06] ▶ [현대] 더 뉴 스타리아 (연식 2개: 2026~2025)
[2026-09-29 18:16:06]   [수집성공] 현대 더 뉴 스타리아 (2026년형) -> 등급 15개 | 옵션 35개 | 패키지 20개
[2026-09-29 18:16:07]   [수집성공] 현대 더 뉴 스타리아 (2025년형) -> 등급 15개 | 옵션 36개 | 패키지 19개
[2026-09-29 18:16:08] ▶ [현대] 스타리아 (연식 5개: 2025~2021)
[2026-09-29 18:16:08]   [수집성공] 현대 스타리아 (2025년형) -> 등급 31개 | 옵션 60개 | 패키지 35개
[2026-09-29 18:16:10]   [수집성공] 현대 스타리아 (2024년형) -> 등급 31개 | 옵션 54개 | 패키지 30개
[2026-09-29 18:16:11]   [수집성공] 현대 스타리아 (2023년형) -> 등급 26개 | 옵션 51개 | 패키지 31개
[2026-09-29 18:16:12]   [수집성공] 현대 스타리아 (2022년형) -> 등급 28개 | 옵션 50개 | 패키지 29개
[2026-09-29 18:16:14]   [수집성공] 현대 스타리아 (2021년형) -> 등급 21개 | 옵션 28개 | 패키지 15개
[2026-09-29 18:16:14] ▶ [현대] 싼타페 (MX5) (연식 4개: 2026~2023)
[2026-09-29 18:16:14]   [확인완료] 현대 싼타페 (MX5) (2026년형) -> 신차가격표 준비중/미등록
[2026-09-29 18:16:15]   [수집성공] 현대 싼타페 (MX5) (2025년형) -> 등급 9개 | 옵션 28개 | 패키지 14개
[2026-09-29 18:16:17]   [수집성공] 현대 싼타페 (MX5) (2024년형) -> 등급 9개 | 옵션 27개 | 패키지 14개
[2026-09-29 18:16:18]   [수집성공] 현대 싼타페 (MX5) (2023년형) -> 등급 8개 | 옵션 24개 | 패키지 13개
[2026-09-29 18:16:18] ▶ [현대] 더 뉴 싼타페 (연식 4개: 2023~2020)
[2026-09-29 18:16:19]   [수집성공] 현대 더 뉴 싼타페 (2023년형) -> 등급 11개 | 옵션 28개 | 패키지 8개
[2026-09-29 18:16:20]   [수집성공] 현대 더 뉴 싼타페 (2022년형) -> 등급 11개 | 옵션 31개 | 패키지 13개
[2026-09-29 18:16:20]   [수집성공] 현대 더 뉴 싼타페 (2021년형) -> 등급 9개 | 옵션 26개 | 패키지 10개
[2026-09-29 18:16:21]   [수집성공] 현대 더 뉴 싼타페 (2020년형) -> 등급 7개 | 옵션 25개 | 패키지 10개
[2026-09-29 18:16:22] ▶ [현대] 싼타페 TM (연식 3개: 2020~2018)
[2026-09-29 18:16:22]   [수집성공] 현대 싼타페 TM (2020년형) -> 등급 11개 | 옵션 18개 | 패키지 15개
[2026-09-29 18:16:24]   [수집성공] 현대 싼타페 TM (2019년형) -> 등급 13개 | 옵션 24개 | 패키지 14개
[2026-09-29 18:16:25]   [수집성공] 현대 싼타페 TM (2018년형) -> 등급 12개 | 옵션 21개 | 패키지 11개
[2026-09-29 18:16:26] ▶ [현대] 싼타페 더 프라임 (연식 4개: 2018~2015)
[2026-09-29 18:16:26]   [수집성공] 현대 싼타페 더 프라임 (2018년형) -> 등급 11개 | 옵션 24개 | 패키지 8개
[2026-09-29 18:16:27]   [수집성공] 현대 싼타페 더 프라임 (2017년형) -> 등급 9개 | 옵션 16개 | 패키지 8개
[2026-09-29 18:16:28]   [수집성공] 현대 싼타페 더 프라임 (2016년형) -> 등급 10개 | 옵션 18개 | 패키지 7개
[2026-09-29 18:16:29]   [수집성공] 현대 싼타페 더 프라임 (2015년형) -> 등급 10개 | 옵션 18개 | 패키지 7개
[2026-09-29 18:16:30] ▶ [현대] 싼타페 DM (연식 3개: 2015~2013)
[2026-09-29 18:16:31]   [수집성공] 현대 싼타페 DM (2015년형) -> 등급 12개 | 옵션 16개 | 패키지 6개
[2026-09-29 18:16:31]   [수집성공] 현대 싼타페 DM (2014년형) -> 등급 17개 | 옵션 14개 | 패키지 6개
[2026-09-29 18:16:33]   [수집성공] 현대 싼타페 DM (2013년형) -> 등급 17개 | 옵션 16개 | 패키지 6개
[2026-09-29 18:16:34] ▶ [현대] 쏘나타 디 엣지(DN8) (연식 4개: 2026~2023)
[2026-09-29 18:16:34]   [확인완료] 현대 쏘나타 디 엣지(DN8) (2026년형) -> 신차가격표 준비중/미등록
[2026-09-29 18:16:35]   [수집성공] 현대 쏘나타 디 엣지(DN8) (2025년형) -> 등급 11개 | 옵션 40개 | 패키지 18개
[2026-09-29 18:16:36]   [수집성공] 현대 쏘나타 디 엣지(DN8) (2024년형) -> 등급 11개 | 옵션 33개 | 패키지 15개
[2026-09-29 18:16:37]   [수집성공] 현대 쏘나타 디 엣지(DN8) (2023년형) -> 등급 10개 | 옵션 32개 | 패키지 15개
[2026-09-29 18:16:38] ▶ [현대] 쏘나타 디 엣지 하이브리드(DN8) (연식 4개: 2026~2023)
[2026-09-29 18:16:38]   [확인완료] 현대 쏘나타 디 엣지 하이브리드(DN8) (2026년형) -> 신차가격표 준비중/미등록
[2026-09-29 18:16:39]   [수집성공] 현대 쏘나타 디 엣지 하이브리드(DN8) (2025년형) -> 등급 4개 | 옵션 22개 | 패키지 10개
[2026-09-29 18:16:40]   [수집성공] 현대 쏘나타 디 엣지 하이브리드(DN8) (2024년형) -> 등급 4개 | 옵션 20개 | 패키지 10개
[2026-09-29 18:16:41]   [수집성공] 현대 쏘나타 디 엣지 하이브리드(DN8) (2023년형) -> 등급 4개 | 옵션 20개 | 패키지 8개
[2026-09-29 18:16:42] ▶ [현대] 쏘나타 하이브리드 (DN8) (연식 5개: 2023~2019)
[2026-09-29 18:16:42]   [수집성공] 현대 쏘나타 하이브리드 (DN8) (2023년형) -> 등급 4개 | 옵션 13개 | 패키지 6개
[2026-09-29 18:16:43]   [수집성공] 현대 쏘나타 하이브리드 (DN8) (2022년형) -> 등급 4개 | 옵션 14개 | 패키지 6개
[2026-09-29 18:16:44]   [수집성공] 현대 쏘나타 하이브리드 (DN8) (2021년형) -> 등급 4개 | 옵션 20개 | 패키지 6개
[2026-09-29 18:16:45]   [수집성공] 현대 쏘나타 하이브리드 (DN8) (2020년형) -> 등급 4개 | 옵션 17개 | 패키지 6개
[2026-09-29 18:16:46]   [수집성공] 현대 쏘나타 하이브리드 (DN8) (2019년형) -> 등급 4개 | 옵션 17개 | 패키지 6개
[2026-09-29 18:16:47] ▶ [현대] 쏘나타 (DN8) (연식 5개: 2023~2019)
[2026-09-29 18:16:47]   [수집성공] 현대 쏘나타 (DN8) (2023년형) -> 등급 12개 | 옵션 36개 | 패키지 18개
[2026-09-29 18:16:48]   [수집성공] 현대 쏘나타 (DN8) (2022년형) -> 등급 12개 | 옵션 37개 | 패키지 17개
[2026-09-29 18:16:49]   [수집성공] 현대 쏘나타 (DN8) (2021년형) -> 등급 15개 | 옵션 48개 | 패키지 16개
[2026-09-29 18:16:50]   [수집성공] 현대 쏘나타 (DN8) (2020년형) -> 등급 13개 | 옵션 49개 | 패키지 21개
[2026-09-29 18:16:52]   [수집성공] 현대 쏘나타 (DN8) (2019년형) -> 등급 11개 | 옵션 32개 | 패키지 16개
[2026-09-29 18:16:52] ▶ [현대] 쏘나타 뉴 라이즈 하이브리드 (연식 3개: 2019~2017)
[2026-09-29 18:16:53]   [수집성공] 현대 쏘나타 뉴 라이즈 하이브리드 (2019년형) -> 등급 7개 | 옵션 22개 | 패키지 8개
[2026-09-29 18:16:54]   [수집성공] 현대 쏘나타 뉴 라이즈 하이브리드 (2018년형) -> 등급 7개 | 옵션 21개 | 패키지 8개
[2026-09-29 18:16:55]   [수집성공] 현대 쏘나타 뉴 라이즈 하이브리드 (2017년형) -> 등급 5개 | 옵션 15개 | 패키지 6개
[2026-09-29 18:16:56] ▶ [현대] 쏘나타 뉴 라이즈 (연식 7개: 2023~2017)
[2026-09-29 18:16:56]   [수집성공] 현대 쏘나타 뉴 라이즈 (2023년형) -> 등급 3개 | 옵션 6개 | 패키지 3개
[2026-09-29 18:16:56]   [수집성공] 현대 쏘나타 뉴 라이즈 (2022년형) -> 등급 3개 | 옵션 6개 | 패키지 3개
[2026-09-29 18:16:57]   [수집성공] 현대 쏘나타 뉴 라이즈 (2021년형) -> 등급 3개 | 옵션 8개 | 패키지 3개
[2026-09-29 18:16:58]   [수집성공] 현대 쏘나타 뉴 라이즈 (2020년형) -> 등급 5개 | 옵션 21개 | 패키지 8개
[2026-09-29 18:16:59]   [수집성공] 현대 쏘나타 뉴 라이즈 (2019년형) -> 등급 24개 | 옵션 63개 | 패키지 34개
[2026-09-29 18:17:00]   [수집성공] 현대 쏘나타 뉴 라이즈 (2018년형) -> 등급 24개 | 옵션 52개 | 패키지 21개
[2026-09-29 18:17:01]   [수집성공] 현대 쏘나타 뉴 라이즈 (2017년형) -> 등급 20개 | 옵션 42개 | 패키지 18개
[2026-09-29 18:17:02] ▶ [현대] LF 쏘나타 하이브리드 (연식 4개: 2017~2014)
[2026-09-29 18:17:02]   [수집성공] 현대 LF 쏘나타 하이브리드 (2017년형) -> 등급 9개 | 옵션 10개 | 패키지 6개
[2026-09-29 18:17:03]   [수집성공] 현대 LF 쏘나타 하이브리드 (2016년형) -> 등급 7개 | 옵션 14개 | 패키지 6개
[2026-09-29 18:17:04]   [수집성공] 현대 LF 쏘나타 하이브리드 (2015년형) -> 등급 7개 | 옵션 17개 | 패키지 6개
[2026-09-29 18:17:05]   [수집성공] 현대 LF 쏘나타 하이브리드 (2014년형) -> 등급 5개 | 옵션 12개 | 패키지 6개
[2026-09-29 18:17:06] ▶ [현대] LF 쏘나타 (연식 4개: 2017~2014)
[2026-09-29 18:17:07]   [수집성공] 현대 LF 쏘나타 (2017년형) -> 등급 23개 | 옵션 30개 | 패키지 12개
[2026-09-29 18:17:08]   [수집성공] 현대 LF 쏘나타 (2016년형) -> 등급 21개 | 옵션 30개 | 패키지 7개
[2026-09-29 18:17:09]   [수집성공] 현대 LF 쏘나타 (2015년형) -> 등급 16개 | 옵션 37개 | 패키지 11개
[2026-09-29 18:17:10]   [수집성공] 현대 LF 쏘나타 (2014년형) -> 등급 12개 | 옵션 20개 | 패키지 12개
[2026-09-29 18:17:11] ▶ [현대] 쏘나타 더 브릴리언트 (연식 2개: 2014~2013)
[2026-09-29 18:17:11]   [수집성공] 현대 쏘나타 더 브릴리언트 (2014년형) -> 등급 20개 | 옵션 21개 | 패키지 1개
[2026-09-29 18:17:12]   [수집성공] 현대 쏘나타 더 브릴리언트 (2013년형) -> 등급 14개 | 옵션 19개 | 패키지 4개
[2026-09-29 18:17:13] ▶ [현대] 쏘나타 하이브리드 (연식 2개: 2014~2013)
[2026-09-29 18:17:13]   [수집성공] 현대 쏘나타 하이브리드 (2014년형) -> 등급 5개 | 옵션 8개 | 패키지 2개
[2026-09-29 18:17:15]   [수집성공] 현대 쏘나타 하이브리드 (2013년형) -> 등급 5개 | 옵션 8개 | 패키지 2개
[2026-09-29 18:17:16] ▶ [현대] 아반떼 (CN8) (연식 1개: 2026~2026)
[2026-09-29 18:17:16]   [수집성공] 현대 아반떼 (CN8) (2026년형) -> 등급 5개 | 옵션 21개 | 패키지 9개
[2026-09-29 18:17:16] ▶ [현대] 아반떼 하이브리드 (CN8) (연식 1개: 2026~2026)
[2026-09-29 18:17:16]   [수집성공] 현대 아반떼 하이브리드 (CN8) (2026년형) -> 등급 5개 | 옵션 21개 | 패키지 12개
[2026-09-29 18:17:17] ▶ [현대] 더 뉴 아반떼 (CN7) (연식 4개: 2026~2023)
[2026-09-29 18:17:17]   [확인완료] 현대 더 뉴 아반떼 (CN7) (2026년형) -> 신차가격표 준비중/미등록
[2026-09-29 18:17:18]   [수집성공] 현대 더 뉴 아반떼 (CN7) (2025년형) -> 등급 11개 | 옵션 32개 | 패키지 19개
[2026-09-29 18:17:19]   [수집성공] 현대 더 뉴 아반떼 (CN7) (2024년형) -> 등급 11개 | 옵션 27개 | 패키지 16개
[2026-09-29 18:17:20]   [수집성공] 현대 더 뉴 아반떼 (CN7) (2023년형) -> 등급 9개 | 옵션 25개 | 패키지 15개
[2026-09-29 18:17:21] ▶ [현대] 더 뉴 아반떼 하이브리드 (CN7) (연식 4개: 2026~2023)
[2026-09-29 18:17:21]   [확인완료] 현대 더 뉴 아반떼 하이브리드 (CN7) (2026년형) -> 신차가격표 준비중/미등록
[2026-09-29 18:17:22]   [수집성공] 현대 더 뉴 아반떼 하이브리드 (CN7) (2025년형) -> 등급 6개 | 옵션 13개 | 패키지 7개
[2026-09-29 18:17:23]   [수집성공] 현대 더 뉴 아반떼 하이브리드 (CN7) (2024년형) -> 등급 6개 | 옵션 13개 | 패키지 7개
[2026-09-29 18:17:24]   [수집성공] 현대 더 뉴 아반떼 하이브리드 (CN7) (2023년형) -> 등급 4개 | 옵션 14개 | 패키지 7개
[2026-09-29 18:17:26] ▶ [현대] 아반떼 하이브리드 (CN7) (연식 4개: 2023~2020)
[2026-09-29 18:17:26]   [수집성공] 현대 아반떼 하이브리드 (CN7) (2023년형) -> 등급 4개 | 옵션 9개 | 패키지 7개
[2026-09-29 18:17:26]   [수집성공] 현대 아반떼 하이브리드 (CN7) (2022년형) -> 등급 4개 | 옵션 9개 | 패키지 7개
[2026-09-29 18:17:27]   [수집성공] 현대 아반떼 하이브리드 (CN7) (2021년형) -> 등급 4개 | 옵션 19개 | 패키지 10개
[2026-09-29 18:17:28]   [수집성공] 현대 아반떼 하이브리드 (CN7) (2020년형) -> 등급 4개 | 옵션 21개 | 패키지 10개
[2026-09-29 18:17:29] ▶ [현대] 아반떼 (CN7) (연식 4개: 2023~2020)
[2026-09-29 18:17:29]   [수집성공] 현대 아반떼 (CN7) (2023년형) -> 등급 10개 | 옵션 18개 | 패키지 14개
[2026-09-29 18:17:30]   [수집성공] 현대 아반떼 (CN7) (2022년형) -> 등급 10개 | 옵션 18개 | 패키지 14개
[2026-09-29 18:17:31]   [수집성공] 현대 아반떼 (CN7) (2021년형) -> 등급 10개 | 옵션 37개 | 패키지 20개
[2026-09-29 18:17:32]   [수집성공] 현대 아반떼 (CN7) (2020년형) -> 등급 9개 | 옵션 27개 | 패키지 14개
[2026-09-29 18:17:34] ▶ [현대] 더 뉴 아반떼 AD (연식 3개: 2020~2018)
[2026-09-29 18:17:34]   [수집성공] 현대 더 뉴 아반떼 AD (2020년형) -> 등급 9개 | 옵션 30개 | 패키지 19개
[2026-09-29 18:17:35]   [수집성공] 현대 더 뉴 아반떼 AD (2019년형) -> 등급 10개 | 옵션 34개 | 패키지 20개
[2026-09-29 18:17:36]   [수집성공] 현대 더 뉴 아반떼 AD (2018년형) -> 등급 7개 | 옵션 23개 | 패키지 17개
[2026-09-29 18:17:37] ▶ [현대] 아반떼 AD (연식 4개: 2018~2015)
[2026-09-29 18:17:37]   [수집성공] 현대 아반떼 AD (2018년형) -> 등급 14개 | 옵션 35개 | 패키지 21개
[2026-09-29 18:17:38]   [수집성공] 현대 아반떼 AD (2017년형) -> 등급 14개 | 옵션 43개 | 패키지 21개
[2026-09-29 18:17:39]   [수집성공] 현대 아반떼 AD (2016년형) -> 등급 14개 | 옵션 27개 | 패키지 9개
[2026-09-29 18:17:40]   [수집성공] 현대 아반떼 AD (2015년형) -> 등급 12개 | 옵션 25개 | 패키지 8개
[2026-09-29 18:17:41] ▶ [현대] 더 뉴 아반떼 (연식 3개: 2015~2013)
[2026-09-29 18:17:41]   [수집성공] 현대 더 뉴 아반떼 (2015년형) -> 등급 12개 | 옵션 19개 | 패키지 4개
[2026-09-29 18:17:42]   [수집성공] 현대 더 뉴 아반떼 (2014년형) -> 등급 12개 | 옵션 19개 | 패키지 6개
[2026-09-29 18:17:43]   [수집성공] 현대 더 뉴 아반떼 (2013년형) -> 등급 11개 | 옵션 17개 | 패키지 3개
[2026-09-29 18:17:44] ▶ [현대] 아반떼 쿠페 (연식 3개: 2015~2013)
[2026-09-29 18:17:44]   [수집성공] 현대 아반떼 쿠페 (2015년형) -> 등급 3개 | 옵션 9개 | 패키지 3개
[2026-09-29 18:17:45]   [수집성공] 현대 아반떼 쿠페 (2014년형) -> 등급 3개 | 옵션 8개 | 패키지 2개
[2026-09-29 18:17:46]   [수집성공] 현대 아반떼 쿠페 (2013년형) -> 등급 3개 | 옵션 8개 | 패키지 2개
[2026-09-29 18:17:47] ▶ [현대] 아반떼 MD (연식 1개: 2013~2013)
[2026-09-29 18:17:47]   [수집성공] 현대 아반떼 MD (2013년형) -> 등급 9개 | 옵션 15개 | 패키지 3개
[2026-09-29 18:17:48] ▶ [현대] 아반떼 하이브리드 (연식 1개: 2013~2013)
[2026-09-29 18:17:48]   [수집성공] 현대 아반떼 하이브리드 (2013년형) -> 등급 4개 | 옵션 4개 | 패키지 0개
[2026-09-29 18:17:49] ▶ [현대] 아슬란 (연식 5개: 2018~2014)
[2026-09-29 18:17:49]   [수집성공] 현대 아슬란 (2018년형) -> 등급 5개 | 옵션 10개 | 패키지 7개
[2026-09-29 18:17:50]   [수집성공] 현대 아슬란 (2017년형) -> 등급 5개 | 옵션 12개 | 패키지 7개
[2026-09-29 18:17:51]   [수집성공] 현대 아슬란 (2016년형) -> 등급 5개 | 옵션 11개 | 패키지 8개
[2026-09-29 18:17:52]   [수집성공] 현대 아슬란 (2015년형) -> 등급 4개 | 옵션 9개 | 패키지 5개
[2026-09-29 18:17:53]   [수집성공] 현대 아슬란 (2014년형) -> 등급 4개 | 옵션 9개 | 패키지 5개
[2026-09-29 18:17:54] ▶ [현대] 더 뉴 아이오닉 일렉트릭 (연식 3개: 2021~2019)
[2026-09-29 18:17:54]   [확인완료] 현대 더 뉴 아이오닉 일렉트릭 (2021년형) -> 신차가격표 준비중/미등록
[2026-09-29 18:17:55]   [수집성공] 현대 더 뉴 아이오닉 일렉트릭 (2020년형) -> 등급 3개 | 옵션 9개 | 패키지 8개
[2026-09-29 18:17:56]   [수집성공] 현대 더 뉴 아이오닉 일렉트릭 (2019년형) -> 등급 3개 | 옵션 9개 | 패키지 8개
[2026-09-29 18:17:57] ▶ [현대] 더 뉴 아이오닉 하이브리드 (연식 3개: 2021~2019)
[2026-09-29 18:17:57]   [확인완료] 현대 더 뉴 아이오닉 하이브리드 (2021년형) -> 신차가격표 준비중/미등록
[2026-09-29 18:17:58]   [수집성공] 현대 더 뉴 아이오닉 하이브리드 (2020년형) -> 등급 3개 | 옵션 20개 | 패키지 15개
[2026-09-29 18:17:59]   [수집성공] 현대 더 뉴 아이오닉 하이브리드 (2019년형) -> 등급 3개 | 옵션 20개 | 패키지 15개
[2026-09-29 18:18:00] ▶ [현대] 아이오닉 일렉트릭 (연식 4개: 2019~2016)
[2026-09-29 18:18:00]   [수집성공] 현대 아이오닉 일렉트릭 (2019년형) -> 등급 3개 | 옵션 10개 | 패키지 8개
[2026-09-29 18:18:01]   [수집성공] 현대 아이오닉 일렉트릭 (2018년형) -> 등급 4개 | 옵션 11개 | 패키지 8개
[2026-09-29 18:18:02]   [수집성공] 현대 아이오닉 일렉트릭 (2017년형) -> 등급 3개 | 옵션 8개 | 패키지 7개
[2026-09-29 18:18:02]   [수집성공] 현대 아이오닉 일렉트릭 (2016년형) -> 등급 3개 | 옵션 7개 | 패키지 7개
[2026-09-29 18:18:04] ▶ [현대] 아이오닉 하이브리드 (연식 4개: 2019~2016)
[2026-09-29 18:18:04]   [수집성공] 현대 아이오닉 하이브리드 (2019년형) -> 등급 5개 | 옵션 15개 | 패키지 15개
[2026-09-29 18:18:05]   [수집성공] 현대 아이오닉 하이브리드 (2018년형) -> 등급 5개 | 옵션 15개 | 패키지 13개
[2026-09-29 18:18:06]   [수집성공] 현대 아이오닉 하이브리드 (2017년형) -> 등급 5개 | 옵션 15개 | 패키지 13개
[2026-09-29 18:18:07]   [수집성공] 현대 아이오닉 하이브리드 (2016년형) -> 등급 4개 | 옵션 14개 | 패키지 6개
[2026-09-29 18:18:08] ▶ [현대] 더 뉴 아이오닉5 (연식 3개: 2026~2024)
[2026-09-29 18:18:08]   [확인완료] 현대 더 뉴 아이오닉5 (2026년형) -> 신차가격표 준비중/미등록
[2026-09-29 18:18:09]   [수집성공] 현대 더 뉴 아이오닉5 (2025년형) -> 등급 6개 | 옵션 18개 | 패키지 14개
[2026-09-29 18:18:10]   [수집성공] 현대 더 뉴 아이오닉5 (2024년형) -> 등급 5개 | 옵션 16개 | 패키지 10개
[2026-09-29 18:18:11] ▶ [현대] 아이오닉5 (연식 6개: 2026~2021)
[2026-09-29 18:18:11]   [수집성공] 현대 아이오닉5 (2026년형) -> 등급 3개 | 옵션 6개 | 패키지 3개
[2026-09-29 18:18:12]   [수집성공] 현대 아이오닉5 (2025년형) -> 등급 2개 | 옵션 7개 | 패키지 4개
[2026-09-29 18:18:12]   [수집성공] 현대 아이오닉5 (2024년형) -> 등급 2개 | 옵션 7개 | 패키지 4개
[2026-09-29 18:18:14]   [수집성공] 현대 아이오닉5 (2023년형) -> 등급 7개 | 옵션 15개 | 패키지 11개
[2026-09-29 18:18:15]   [수집성공] 현대 아이오닉5 (2022년형) -> 등급 7개 | 옵션 20개 | 패키지 15개
[2026-09-29 18:18:16]   [수집성공] 현대 아이오닉5 (2021년형) -> 등급 7개 | 옵션 13개 | 패키지 10개
[2026-09-29 18:18:17] ▶ [현대] 더 뉴 아이오닉6 (연식 2개: 2026~2025)
[2026-09-29 18:18:17]   [확인완료] 현대 더 뉴 아이오닉6 (2026년형) -> 신차가격표 준비중/미등록
[2026-09-29 18:18:19]   [수집성공] 현대 더 뉴 아이오닉6 (2025년형) -> 등급 8개 | 옵션 18개 | 패키지 13개
[2026-09-29 18:18:20] ▶ [현대] 아이오닉6 (연식 4개: 2025~2022)
[2026-09-29 18:18:20]   [수집성공] 현대 아이오닉6 (2025년형) -> 등급 7개 | 옵션 21개 | 패키지 15개
[2026-09-29 18:18:21]   [수집성공] 현대 아이오닉6 (2024년형) -> 등급 7개 | 옵션 17개 | 패키지 11개
[2026-09-29 18:18:22]   [수집성공] 현대 아이오닉6 (2023년형) -> 등급 7개 | 옵션 14개 | 패키지 11개
[2026-09-29 18:18:23]   [수집성공] 현대 아이오닉6 (2022년형) -> 등급 7개 | 옵션 14개 | 패키지 11개
[2026-09-29 18:18:24] ▶ [현대] 아이오닉9 (연식 2개: 2026~2025)
[2026-09-29 18:18:24]   [수집성공] 현대 아이오닉9 (2026년형) -> 등급 10개 | 옵션 18개 | 패키지 12개
[2026-09-29 18:18:25]   [수집성공] 현대 아이오닉9 (2025년형) -> 등급 10개 | 옵션 14개 | 패키지 10개
[2026-09-29 18:18:27] ▶ [현대] 에쿠스(신형) (연식 3개: 2015~2013)
[2026-09-29 18:18:27]   [수집성공] 현대 에쿠스(신형) (2015년형) -> 등급 8개 | 옵션 4개 | 패키지 2개
[2026-09-29 18:18:28]   [수집성공] 현대 에쿠스(신형) (2014년형) -> 등급 7개 | 옵션 6개 | 패키지 3개
[2026-09-29 18:18:29]   [수집성공] 현대 에쿠스(신형) (2013년형) -> 등급 9개 | 옵션 6개 | 패키지 3개
[2026-09-29 18:18:30] ▶ [현대] 엑센트(신형) (연식 7개: 2019~2013)
[2026-09-29 18:18:30]   [수집성공] 현대 엑센트(신형) (2019년형) -> 등급 8개 | 옵션 19개 | 패키지 7개
[2026-09-29 18:18:32]   [수집성공] 현대 엑센트(신형) (2018년형) -> 등급 18개 | 옵션 24개 | 패키지 6개
[2026-09-29 18:18:33]   [수집성공] 현대 엑센트(신형) (2017년형) -> 등급 18개 | 옵션 18개 | 패키지 6개
[2026-09-29 18:18:34]   [수집성공] 현대 엑센트(신형) (2016년형) -> 등급 23개 | 옵션 20개 | 패키지 5개
[2026-09-29 18:18:35]   [수집성공] 현대 엑센트(신형) (2015년형) -> 등급 20개 | 옵션 13개 | 패키지 0개
[2026-09-29 18:18:36]   [수집성공] 현대 엑센트(신형) (2014년형) -> 등급 19개 | 옵션 13개 | 패키지 0개
[2026-09-29 18:18:37]   [수집성공] 현대 엑센트(신형) (2013년형) -> 등급 12개 | 옵션 11개 | 패키지 0개
[2026-09-29 18:18:38] ▶ [현대] 제네시스 DH (연식 4개: 2016~2013)
[2026-09-29 18:18:38]   [수집성공] 현대 제네시스 DH (2016년형) -> 등급 11개 | 옵션 10개 | 패키지 7개
[2026-09-29 18:18:39]   [수집성공] 현대 제네시스 DH (2015년형) -> 등급 11개 | 옵션 10개 | 패키지 6개
[2026-09-29 18:18:40]   [수집성공] 현대 제네시스 DH (2014년형) -> 등급 11개 | 옵션 9개 | 패키지 6개
[2026-09-29 18:18:41]   [수집성공] 현대 제네시스 DH (2013년형) -> 등급 11개 | 옵션 9개 | 패키지 6개
[2026-09-29 18:18:42] ▶ [현대] 더 뉴 제네시스 쿠페 (연식 4개: 2016~2013)
[2026-09-29 18:18:42]   [수집성공] 현대 더 뉴 제네시스 쿠페 (2016년형) -> 등급 4개 | 옵션 6개 | 패키지 2개
[2026-09-29 18:18:43]   [수집성공] 현대 더 뉴 제네시스 쿠페 (2015년형) -> 등급 4개 | 옵션 7개 | 패키지 3개
[2026-09-29 18:18:44]   [수집성공] 현대 더 뉴 제네시스 쿠페 (2014년형) -> 등급 4개 | 옵션 7개 | 패키지 3개
[2026-09-29 18:18:45]   [수집성공] 현대 더 뉴 제네시스 쿠페 (2013년형) -> 등급 5개 | 옵션 8개 | 패키지 1개
[2026-09-29 18:18:46] ▶ [현대] 제네시스 (연식 1개: 2013~2013)
[2026-09-29 18:18:46]   [수집성공] 현대 제네시스 (2013년형) -> 등급 7개 | 옵션 6개 | 패키지 2개
[2026-09-29 18:18:47] ▶ [현대] 더 뉴 캐스퍼 (연식 3개: 2026~2024)
[2026-09-29 18:18:47]   [확인완료] 현대 더 뉴 캐스퍼 (2026년형) -> 신차가격표 준비중/미등록
[2026-09-29 18:18:48]   [수집성공] 현대 더 뉴 캐스퍼 (2025년형) -> 등급 10개 | 옵션 16개 | 패키지 15개
[2026-09-29 18:18:50]   [수집성공] 현대 더 뉴 캐스퍼 (2024년형) -> 등급 10개 | 옵션 17개 | 패키지 16개
[2026-09-29 18:18:51] ▶ [현대] 캐스퍼 일렉트릭 (연식 3개: 2026~2024)
[2026-09-29 18:18:51]   [수집성공] 현대 캐스퍼 일렉트릭 (2026년형) -> 등급 5개 | 옵션 10개 | 패키지 9개
[2026-09-29 18:18:52]   [수집성공] 현대 캐스퍼 일렉트릭 (2025년형) -> 등급 3개 | 옵션 10개 | 패키지 9개
[2026-09-29 18:18:53]   [수집성공] 현대 캐스퍼 일렉트릭 (2024년형) -> 등급 2개 | 옵션 10개 | 패키지 10개
[2026-09-29 18:18:54] ▶ [현대] 캐스퍼 (연식 4개: 2024~2021)
[2026-09-29 18:18:54]   [수집성공] 현대 캐스퍼 (2024년형) -> 등급 12개 | 옵션 19개 | 패키지 16개
[2026-09-29 18:18:56]   [수집성공] 현대 캐스퍼 (2023년형) -> 등급 12개 | 옵션 18개 | 패키지 15개
[2026-09-29 18:18:57]   [확인완료] 현대 캐스퍼 (2022년형) -> 신차가격표 준비중/미등록
[2026-09-29 18:18:58]   [수집성공] 현대 캐스퍼 (2021년형) -> 등급 7개 | 옵션 14개 | 패키지 11개
[2026-09-29 18:18:59] ▶ [현대] 코나 일렉트릭 (SX2) (연식 4개: 2026~2023)
[2026-09-29 18:18:59]   [수집성공] 현대 코나 일렉트릭 (SX2) (2026년형) -> 등급 7개 | 옵션 16개 | 패키지 13개
[2026-09-29 18:19:00]   [수집성공] 현대 코나 일렉트릭 (SX2) (2025년형) -> 등급 8개 | 옵션 15개 | 패키지 11개
[2026-09-29 18:19:01]   [수집성공] 현대 코나 일렉트릭 (SX2) (2024년형) -> 등급 8개 | 옵션 12개 | 패키지 8개
[2026-09-29 18:19:02]   [수집성공] 현대 코나 일렉트릭 (SX2) (2023년형) -> 등급 4개 | 옵션 11개 | 패키지 8개
[2026-09-29 18:19:03] ▶ [현대] 코나 (SX2) (연식 4개: 2026~2023)
[2026-09-29 18:19:03]   [수집성공] 현대 코나 (SX2) (2026년형) -> 등급 8개 | 옵션 22개 | 패키지 12개
[2026-09-29 18:19:04]   [수집성공] 현대 코나 (SX2) (2025년형) -> 등급 10개 | 옵션 14개 | 패키지 9개
[2026-09-29 18:19:05]   [수집성공] 현대 코나 (SX2) (2024년형) -> 등급 10개 | 옵션 13개 | 패키지 8개
[2026-09-29 18:19:06]   [수집성공] 현대 코나 (SX2) (2023년형) -> 등급 7개 | 옵션 17개 | 패키지 9개
[2026-09-29 18:19:07] ▶ [현대] 코나 하이브리드 (SX2) (연식 4개: 2026~2023)
[2026-09-29 18:19:07]   [수집성공] 현대 코나 하이브리드 (SX2) (2026년형) -> 등급 6개 | 옵션 23개 | 패키지 14개
[2026-09-29 18:19:08]   [수집성공] 현대 코나 하이브리드 (SX2) (2025년형) -> 등급 7개 | 옵션 12개 | 패키지 8개
[2026-09-29 18:19:09]   [수집성공] 현대 코나 하이브리드 (SX2) (2024년형) -> 등급 7개 | 옵션 11개 | 패키지 7개
[2026-09-29 18:19:10]   [수집성공] 현대 코나 하이브리드 (SX2) (2023년형) -> 등급 4개 | 옵션 15개 | 패키지 8개
[2026-09-29 18:19:10] ▶ [현대] 더 뉴 코나 (연식 4개: 2023~2020)
[2026-09-29 18:19:10]   [수집성공] 현대 더 뉴 코나 (2023년형) -> 등급 11개 | 옵션 22개 | 패키지 12개
[2026-09-29 18:19:12]   [수집성공] 현대 더 뉴 코나 (2022년형) -> 등급 11개 | 옵션 20개 | 패키지 10개
[2026-09-29 18:19:13]   [수집성공] 현대 더 뉴 코나 (2021년형) -> 등급 10개 | 옵션 18개 | 패키지 8개
[2026-09-29 18:19:14]   [수집성공] 현대 더 뉴 코나 (2020년형) -> 등급 8개 | 옵션 18개 | 패키지 11개
[2026-09-29 18:19:15] ▶ [현대] 더 뉴 코나 하이브리드 (연식 4개: 2023~2020)
[2026-09-29 18:19:15]   [수집성공] 현대 더 뉴 코나 하이브리드 (2023년형) -> 등급 5개 | 옵션 13개 | 패키지 7개
[2026-09-29 18:19:16]   [수집성공] 현대 더 뉴 코나 하이브리드 (2022년형) -> 등급 5개 | 옵션 12개 | 패키지 6개
[2026-09-29 18:19:17]   [수집성공] 현대 더 뉴 코나 하이브리드 (2021년형) -> 등급 4개 | 옵션 17개 | 패키지 8개
[2026-09-29 18:19:18]   [수집성공] 현대 더 뉴 코나 하이브리드 (2020년형) -> 등급 4개 | 옵션 14개 | 패키지 10개
[2026-09-29 18:19:20] ▶ [현대] 코나 하이브리드 (연식 2개: 2020~2019)
[2026-09-29 18:19:20]   [수집성공] 현대 코나 하이브리드 (2020년형) -> 등급 4개 | 옵션 15개 | 패키지 10개
[2026-09-29 18:19:21]   [수집성공] 현대 코나 하이브리드 (2019년형) -> 등급 4개 | 옵션 16개 | 패키지 10개
[2026-09-29 18:19:22] ▶ [현대] 코나 일렉트릭 (연식 4개: 2021~2018)
[2026-09-29 18:19:22]   [수집성공] 현대 코나 일렉트릭 (2021년형) -> 등급 3개 | 옵션 8개 | 패키지 7개
[2026-09-29 18:19:23]   [수집성공] 현대 코나 일렉트릭 (2020년형) -> 등급 3개 | 옵션 8개 | 패키지 7개
[2026-09-29 18:19:24]   [수집성공] 현대 코나 일렉트릭 (2019년형) -> 등급 3개 | 옵션 8개 | 패키지 7개
[2026-09-29 18:19:25]   [수집성공] 현대 코나 일렉트릭 (2018년형) -> 등급 3개 | 옵션 8개 | 패키지 7개
[2026-09-29 18:19:26] ▶ [현대] 코나 (연식 4개: 2020~2017)
[2026-09-29 18:19:26]   [수집성공] 현대 코나 (2020년형) -> 등급 8개 | 옵션 13개 | 패키지 10개
[2026-09-29 18:19:27]   [수집성공] 현대 코나 (2019년형) -> 등급 13개 | 옵션 22개 | 패키지 11개
[2026-09-29 18:19:29]   [수집성공] 현대 코나 (2018년형) -> 등급 13개 | 옵션 21개 | 패키지 10개
[2026-09-29 18:19:30]   [수집성공] 현대 코나 (2017년형) -> 등급 13개 | 옵션 19개 | 패키지 11개
[2026-09-29 18:19:31] ▶ [현대] 더 뉴 투싼 (NX4) (연식 4개: 2026~2023)
[2026-09-29 18:19:31]   [수집성공] 현대 더 뉴 투싼 (NX4) (2026년형) -> 등급 7개 | 옵션 22개 | 패키지 12개
[2026-09-29 18:19:32]   [수집성공] 현대 더 뉴 투싼 (NX4) (2025년형) -> 등급 10개 | 옵션 29개 | 패키지 15개
[2026-09-29 18:19:34]   [수집성공] 현대 더 뉴 투싼 (NX4) (2024년형) -> 등급 10개 | 옵션 29개 | 패키지 15개
[2026-09-29 18:19:35]   [수집성공] 현대 더 뉴 투싼 (NX4) (2023년형) -> 등급 10개 | 옵션 27개 | 패키지 14개
[2026-09-29 18:19:35] ▶ [현대] 더 뉴 투싼 하이브리드 (NX4) (연식 4개: 2026~2023)
[2026-09-29 18:19:36]   [수집성공] 현대 더 뉴 투싼 하이브리드 (NX4) (2026년형) -> 등급 7개 | 옵션 24개 | 패키지 13개
[2026-09-29 18:19:37]   [수집성공] 현대 더 뉴 투싼 하이브리드 (NX4) (2025년형) -> 등급 8개 | 옵션 24개 | 패키지 13개
[2026-09-29 18:19:38]   [수집성공] 현대 더 뉴 투싼 하이브리드 (NX4) (2024년형) -> 등급 8개 | 옵션 24개 | 패키지 13개
[2026-09-29 18:19:39]   [수집성공] 현대 더 뉴 투싼 하이브리드 (NX4) (2023년형) -> 등급 8개 | 옵션 24개 | 패키지 13개
[2026-09-29 18:19:40] ▶ [현대] 투싼 (NX4) (연식 4개: 2023~2020)
[2026-09-29 18:19:40]   [수집성공] 현대 투싼 (NX4) (2023년형) -> 등급 10개 | 옵션 28개 | 패키지 12개
[2026-09-29 18:19:41]   [수집성공] 현대 투싼 (NX4) (2022년형) -> 등급 10개 | 옵션 27개 | 패키지 10개
[2026-09-29 18:19:43]   [수집성공] 현대 투싼 (NX4) (2021년형) -> 등급 8개 | 옵션 25개 | 패키지 11개
[2026-09-29 18:19:44]   [수집성공] 현대 투싼 (NX4) (2020년형) -> 등급 8개 | 옵션 23개 | 패키지 9개
[2026-09-29 18:19:45] ▶ [현대] 투싼 하이브리드 (NX4) (연식 4개: 2023~2020)
[2026-09-29 18:19:45]   [수집성공] 현대 투싼 하이브리드 (NX4) (2023년형) -> 등급 13개 | 옵션 23개 | 패키지 10개
[2026-09-29 18:19:46]   [수집성공] 현대 투싼 하이브리드 (NX4) (2022년형) -> 등급 8개 | 옵션 22개 | 패키지 9개
[2026-09-29 18:19:47]   [수집성공] 현대 투싼 하이브리드 (NX4) (2021년형) -> 등급 4개 | 옵션 19개 | 패키지 8개
[2026-09-29 18:19:48]   [수집성공] 현대 투싼 하이브리드 (NX4) (2020년형) -> 등급 4개 | 옵션 18개 | 패키지 8개
[2026-09-29 18:19:49] ▶ [현대] 올 뉴 투싼 (연식 6개: 2020~2015)
[2026-09-29 18:19:49]   [수집성공] 현대 올 뉴 투싼 (2020년형) -> 등급 10개 | 옵션 21개 | 패키지 12개
[2026-09-29 18:19:50]   [수집성공] 현대 올 뉴 투싼 (2019년형) -> 등급 10개 | 옵션 21개 | 패키지 12개
[2026-09-29 18:19:51]   [수집성공] 현대 올 뉴 투싼 (2018년형) -> 등급 9개 | 옵션 30개 | 패키지 12개
[2026-09-29 18:19:52]   [수집성공] 현대 올 뉴 투싼 (2017년형) -> 등급 9개 | 옵션 29개 | 패키지 12개
[2026-09-29 18:19:53]   [수집성공] 현대 올 뉴 투싼 (2016년형) -> 등급 7개 | 옵션 24개 | 패키지 11개
[2026-09-29 18:19:54]   [수집성공] 현대 올 뉴 투싼 (2015년형) -> 등급 7개 | 옵션 22개 | 패키지 9개
[2026-09-29 18:19:55] ▶ [현대] 뉴 투싼 ix (연식 3개: 2015~2013)
[2026-09-29 18:19:55]   [수집성공] 현대 뉴 투싼 ix (2015년형) -> 등급 6개 | 옵션 10개 | 패키지 5개
[2026-09-29 18:19:56]   [수집성공] 현대 뉴 투싼 ix (2014년형) -> 등급 7개 | 옵션 12개 | 패키지 5개
[2026-09-29 18:19:57]   [수집성공] 현대 뉴 투싼 ix (2013년형) -> 등급 9개 | 옵션 9개 | 패키지 2개
[2026-09-29 18:19:57] ▶ [현대] 투싼 ix (연식 1개: 2013~2013)
[2026-09-29 18:19:58]   [수집성공] 현대 투싼 ix (2013년형) -> 등급 11개 | 옵션 7개 | 패키지 3개
[2026-09-29 18:19:59] ▶ [현대] 팰리세이드 (LX3) (연식 3개: 2026~2024)
[2026-09-29 18:19:59]   [수집성공] 현대 팰리세이드 (LX3) (2026년형) -> 등급 12개 | 옵션 18개 | 패키지 9개
[2026-09-29 18:20:00]   [수집성공] 현대 팰리세이드 (LX3) (2025년형) -> 등급 12개 | 옵션 13개 | 패키지 7개
[2026-09-29 18:20:01]   [수집성공] 현대 팰리세이드 (LX3) (2024년형) -> 등급 12개 | 옵션 17개 | 패키지 7개
[2026-09-29 18:20:02] ▶ [현대] 더 뉴 팰리세이드 (연식 4개: 2025~2022)
[2026-09-29 18:20:03]   [수집성공] 현대 더 뉴 팰리세이드 (2025년형) -> 등급 10개 | 옵션 20개 | 패키지 8개
[2026-09-29 18:20:04]   [수집성공] 현대 더 뉴 팰리세이드 (2024년형) -> 등급 10개 | 옵션 21개 | 패키지 9개
[2026-09-29 18:20:05]   [수집성공] 현대 더 뉴 팰리세이드 (2023년형) -> 등급 10개 | 옵션 16개 | 패키지 9개
[2026-09-29 18:20:06]   [수집성공] 현대 더 뉴 팰리세이드 (2022년형) -> 등급 8개 | 옵션 13개 | 패키지 5개
[2026-09-29 18:20:07] ▶ [현대] 팰리세이드 (연식 5개: 2022~2018)
[2026-09-29 18:20:07]   [수집성공] 현대 팰리세이드 (2022년형) -> 등급 8개 | 옵션 10개 | 패키지 7개
[2026-09-29 18:20:08]   [수집성공] 현대 팰리세이드 (2021년형) -> 등급 8개 | 옵션 13개 | 패키지 7개
[2026-09-29 18:20:09]   [수집성공] 현대 팰리세이드 (2020년형) -> 등급 7개 | 옵션 13개 | 패키지 9개
[2026-09-29 18:20:10]   [수집성공] 현대 팰리세이드 (2019년형) -> 등급 7개 | 옵션 13개 | 패키지 9개
[2026-09-29 18:20:11]   [수집성공] 현대 팰리세이드 (2018년형) -> 등급 7개 | 옵션 14개 | 패키지 9개
[2026-09-29 18:20:12] 
==========================================
[2026-09-29 18:20:12] 🏢 [제네시스] 모델 목록 탐색 시작...
[2026-09-29 18:20:12] ==========================================
[2026-09-29 18:20:12] ▶ [제네시스] EQ900 (연식 4개: 2018~2015)
[2026-09-29 18:20:12]   [수집성공] 제네시스 EQ900 (2018년형) -> 등급 9개 | 옵션 1개 | 패키지 1개
[2026-09-29 18:20:14]   [수집성공] 제네시스 EQ900 (2017년형) -> 등급 9개 | 옵션 1개 | 패키지 1개
[2026-09-29 18:20:15]   [수집성공] 제네시스 EQ900 (2016년형) -> 등급 8개 | 옵션 1개 | 패키지 1개
[2026-09-29 18:20:16]   [수집성공] 제네시스 EQ900 (2015년형) -> 등급 8개 | 옵션 0개 | 패키지 0개
[2026-09-29 18:20:17] ▶ [제네시스] 더 뉴 G70 슈팅브레이크 (연식 5개: 2026~2022)
[2026-09-29 18:20:17]   [수집성공] 제네시스 더 뉴 G70 슈팅브레이크 (2026년형) -> 등급 3개 | 옵션 1개 | 패키지 1개
[2026-09-29 18:20:18]   [수집성공] 제네시스 더 뉴 G70 슈팅브레이크 (2025년형) -> 등급 3개 | 옵션 1개 | 패키지 1개
[2026-09-29 18:20:19]   [수집성공] 제네시스 더 뉴 G70 슈팅브레이크 (2024년형) -> 등급 3개 | 옵션 1개 | 패키지 1개
[2026-09-29 18:20:20]   [수집성공] 제네시스 더 뉴 G70 슈팅브레이크 (2023년형) -> 등급 4개 | 옵션 1개 | 패키지 1개
[2026-09-29 18:20:21]   [수집성공] 제네시스 더 뉴 G70 슈팅브레이크 (2022년형) -> 등급 4개 | 옵션 2개 | 패키지 2개
[2026-09-29 18:20:22] ▶ [제네시스] 더 뉴 G70 (연식 7개: 2026~2020)
[2026-09-29 18:20:22]   [수집성공] 제네시스 더 뉴 G70 (2026년형) -> 등급 5개 | 옵션 2개 | 패키지 2개
[2026-09-29 18:20:24]   [수집성공] 제네시스 더 뉴 G70 (2025년형) -> 등급 5개 | 옵션 2개 | 패키지 2개
[2026-09-29 18:20:25]   [수집성공] 제네시스 더 뉴 G70 (2024년형) -> 등급 5개 | 옵션 2개 | 패키지 2개
[2026-09-29 18:20:26]   [수집성공] 제네시스 더 뉴 G70 (2023년형) -> 등급 5개 | 옵션 1개 | 패키지 1개
[2026-09-29 18:20:26]   [수집성공] 제네시스 더 뉴 G70 (2022년형) -> 등급 7개 | 옵션 1개 | 패키지 1개
[2026-09-29 18:20:28]   [수집성공] 제네시스 더 뉴 G70 (2021년형) -> 등급 7개 | 옵션 1개 | 패키지 1개
[2026-09-29 18:20:29]   [수집성공] 제네시스 더 뉴 G70 (2020년형) -> 등급 7개 | 옵션 0개 | 패키지 0개
[2026-09-29 18:20:29] ▶ [제네시스] G70 (연식 4개: 2020~2017)
[2026-09-29 18:20:30]   [수집성공] 제네시스 G70 (2020년형) -> 등급 9개 | 옵션 4개 | 패키지 4개
[2026-09-29 18:20:31]   [수집성공] 제네시스 G70 (2019년형) -> 등급 9개 | 옵션 4개 | 패키지 4개
[2026-09-29 18:20:32]   [수집성공] 제네시스 G70 (2018년형) -> 등급 8개 | 옵션 11개 | 패키지 1개
[2026-09-29 18:20:33]   [수집성공] 제네시스 G70 (2017년형) -> 등급 8개 | 옵션 12개 | 패키지 1개
[2026-09-29 18:20:34] ▶ [제네시스] 일렉트리파이드 G80 (RG3) (연식 6개: 2026~2021)
[2026-09-29 18:20:34]   [수집성공] 제네시스 일렉트리파이드 G80 (RG3) (2026년형) -> 등급 2개 | 옵션 3개 | 패키지 3개
[2026-09-29 18:20:34]   [수집성공] 제네시스 일렉트리파이드 G80 (RG3) (2025년형) -> 등급 2개 | 옵션 3개 | 패키지 3개
[2026-09-29 18:20:35]   [수집성공] 제네시스 일렉트리파이드 G80 (RG3) (2024년형) -> 등급 2개 | 옵션 3개 | 패키지 3개
[2026-09-29 18:20:36]   [수집성공] 제네시스 일렉트리파이드 G80 (RG3) (2023년형) -> 등급 2개 | 옵션 3개 | 패키지 3개
[2026-09-29 18:20:37]   [수집성공] 제네시스 일렉트리파이드 G80 (RG3) (2022년형) -> 등급 2개 | 옵션 3개 | 패키지 3개
[2026-09-29 18:20:38]   [수집성공] 제네시스 일렉트리파이드 G80 (RG3) (2021년형) -> 등급 2개 | 옵션 4개 | 패키지 4개
[2026-09-29 18:20:39] ▶ [제네시스] G80 (RG3) (연식 7개: 2026~2020)
[2026-09-29 18:20:39]   [수집성공] 제네시스 G80 (RG3) (2026년형) -> 등급 5개 | 옵션 2개 | 패키지 2개
[2026-09-29 18:20:40]   [수집성공] 제네시스 G80 (RG3) (2025년형) -> 등급 5개 | 옵션 2개 | 패키지 2개
[2026-09-29 18:20:41]   [수집성공] 제네시스 G80 (RG3) (2024년형) -> 등급 5개 | 옵션 2개 | 패키지 2개
[2026-09-29 18:20:42]   [수집성공] 제네시스 G80 (RG3) (2023년형) -> 등급 5개 | 옵션 2개 | 패키지 2개
[2026-09-29 18:20:43]   [수집성공] 제네시스 G80 (RG3) (2022년형) -> 등급 5개 | 옵션 3개 | 패키지 3개
[2026-09-29 18:20:44]   [수집성공] 제네시스 G80 (RG3) (2021년형) -> 등급 7개 | 옵션 2개 | 패키지 2개
[2026-09-29 18:20:45]   [수집성공] 제네시스 G80 (RG3) (2020년형) -> 등급 7개 | 옵션 3개 | 패키지 3개
[2026-09-29 18:20:46] ▶ [제네시스] G80 (연식 5개: 2020~2016)
[2026-09-29 18:20:46]   [수집성공] 제네시스 G80 (2020년형) -> 등급 12개 | 옵션 0개 | 패키지 0개
[2026-09-29 18:20:48]   [수집성공] 제네시스 G80 (2019년형) -> 등급 12개 | 옵션 0개 | 패키지 0개
[2026-09-29 18:20:49]   [수집성공] 제네시스 G80 (2018년형) -> 등급 11개 | 옵션 0개 | 패키지 0개
[2026-09-29 18:20:50]   [수집성공] 제네시스 G80 (2017년형) -> 등급 9개 | 옵션 1개 | 패키지 1개
[2026-09-29 18:20:50]   [수집성공] 제네시스 G80 (2016년형) -> 등급 7개 | 옵션 2개 | 패키지 1개
[2026-09-29 18:20:51] ▶ [제네시스] G90 (RS4) (연식 6개: 2026~2021)
[2026-09-29 18:20:51]   [확인완료] 제네시스 G90 (RS4) (2026년형) -> 신차가격표 준비중/미등록
[2026-09-29 18:20:52]   [수집성공] 제네시스 G90 (RS4) (2025년형) -> 등급 6개 | 옵션 2개 | 패키지 2개
[2026-09-29 18:20:53]   [수집성공] 제네시스 G90 (RS4) (2024년형) -> 등급 6개 | 옵션 2개 | 패키지 2개
[2026-09-29 18:20:54]   [수집성공] 제네시스 G90 (RS4) (2023년형) -> 등급 6개 | 옵션 3개 | 패키지 3개
[2026-09-29 18:20:55]   [수집성공] 제네시스 G90 (RS4) (2022년형) -> 등급 4개 | 옵션 4개 | 패키지 4개
[2026-09-29 18:20:56]   [수집성공] 제네시스 G90 (RS4) (2021년형) -> 등급 4개 | 옵션 3개 | 패키지 3개
[2026-09-29 18:20:57] ▶ [제네시스] G90 (연식 4개: 2021~2018)
[2026-09-29 18:20:57]   [수집성공] 제네시스 G90 (2021년형) -> 등급 9개 | 옵션 0개 | 패키지 0개
[2026-09-29 18:20:59]   [수집성공] 제네시스 G90 (2020년형) -> 등급 9개 | 옵션 0개 | 패키지 0개
[2026-09-29 18:21:00]   [수집성공] 제네시스 G90 (2019년형) -> 등급 9개 | 옵션 0개 | 패키지 0개
[2026-09-29 18:21:01]   [수집성공] 제네시스 G90 (2018년형) -> 등급 8개 | 옵션 0개 | 패키지 0개
[2026-09-29 18:21:02] ▶ [제네시스] GV60 (연식 6개: 2026~2021)
[2026-09-29 18:21:02]   [수집성공] 제네시스 GV60 (2026년형) -> 등급 5개 | 옵션 3개 | 패키지 3개
[2026-09-29 18:21:03]   [수집성공] 제네시스 GV60 (2025년형) -> 등급 4개 | 옵션 5개 | 패키지 5개
[2026-09-29 18:21:04]   [수집성공] 제네시스 GV60 (2024년형) -> 등급 4개 | 옵션 6개 | 패키지 6개
[2026-09-29 18:21:05]   [수집성공] 제네시스 GV60 (2023년형) -> 등급 4개 | 옵션 4개 | 패키지 4개
[2026-09-29 18:21:07]   [수집성공] 제네시스 GV60 (2022년형) -> 등급 4개 | 옵션 5개 | 패키지 5개
[2026-09-29 18:21:08]   [수집성공] 제네시스 GV60 (2021년형) -> 등급 4개 | 옵션 5개 | 패키지 5개
[2026-09-29 18:21:09] ▶ [제네시스] 일렉트리파이드 GV70 (연식 5개: 2026~2022)
[2026-09-29 18:21:09]   [수집성공] 제네시스 일렉트리파이드 GV70 (2026년형) -> 등급 2개 | 옵션 2개 | 패키지 2개
[2026-09-29 18:21:10]   [수집성공] 제네시스 일렉트리파이드 GV70 (2025년형) -> 등급 2개 | 옵션 2개 | 패키지 2개
[2026-09-29 18:21:11]   [수집성공] 제네시스 일렉트리파이드 GV70 (2024년형) -> 등급 2개 | 옵션 2개 | 패키지 2개
[2026-09-29 18:21:12]   [수집성공] 제네시스 일렉트리파이드 GV70 (2023년형) -> 등급 2개 | 옵션 2개 | 패키지 2개
[2026-09-29 18:21:13]   [수집성공] 제네시스 일렉트리파이드 GV70 (2022년형) -> 등급 2개 | 옵션 2개 | 패키지 2개
[2026-09-29 18:21:14] ▶ [제네시스] GV70 (연식 7개: 2026~2020)
[2026-09-29 18:21:14]   [수집성공] 제네시스 GV70 (2026년형) -> 등급 5개 | 옵션 5개 | 패키지 5개
[2026-09-29 18:21:16]   [수집성공] 제네시스 GV70 (2025년형) -> 등급 5개 | 옵션 3개 | 패키지 3개
[2026-09-29 18:21:17]   [수집성공] 제네시스 GV70 (2024년형) -> 등급 5개 | 옵션 2개 | 패키지 2개
[2026-09-29 18:21:18]   [수집성공] 제네시스 GV70 (2023년형) -> 등급 6개 | 옵션 2개 | 패키지 2개
[2026-09-29 18:21:19]   [수집성공] 제네시스 GV70 (2022년형) -> 등급 6개 | 옵션 2개 | 패키지 2개
[2026-09-29 18:21:19]   [수집성공] 제네시스 GV70 (2021년형) -> 등급 6개 | 옵션 2개 | 패키지 2개
[2026-09-29 18:21:20]   [수집성공] 제네시스 GV70 (2020년형) -> 등급 6개 | 옵션 1개 | 패키지 1개
[2026-09-29 18:21:21] ▶ [제네시스] GV80 쿠페 (연식 4개: 2026~2023)
[2026-09-29 18:21:22]   [수집성공] 제네시스 GV80 쿠페 (2026년형) -> 등급 4개 | 옵션 2개 | 패키지 2개
[2026-09-29 18:21:23]   [수집성공] 제네시스 GV80 쿠페 (2025년형) -> 등급 4개 | 옵션 2개 | 패키지 2개
[2026-09-29 18:21:24]   [수집성공] 제네시스 GV80 쿠페 (2024년형) -> 등급 4개 | 옵션 2개 | 패키지 2개
[2026-09-29 18:21:25]   [수집성공] 제네시스 GV80 쿠페 (2023년형) -> 등급 4개 | 옵션 2개 | 패키지 2개
[2026-09-29 18:21:26] ▶ [제네시스] GV80 (연식 7개: 2026~2020)
[2026-09-29 18:21:26]   [수집성공] 제네시스 GV80 (2026년형) -> 등급 5개 | 옵션 3개 | 패키지 3개
[2026-09-29 18:21:27]   [수집성공] 제네시스 GV80 (2025년형) -> 등급 5개 | 옵션 4개 | 패키지 4개
[2026-09-29 18:21:28]   [수집성공] 제네시스 GV80 (2024년형) -> 등급 5개 | 옵션 4개 | 패키지 4개
[2026-09-29 18:21:29]   [수집성공] 제네시스 GV80 (2023년형) -> 등급 7개 | 옵션 3개 | 패키지 3개
[2026-09-29 18:21:30]   [수집성공] 제네시스 GV80 (2022년형) -> 등급 2개 | 옵션 2개 | 패키지 2개
[2026-09-29 18:21:32]   [수집성공] 제네시스 GV80 (2021년형) -> 등급 7개 | 옵션 4개 | 패키지 4개
[2026-09-29 18:21:32]   [수집성공] 제네시스 GV80 (2020년형) -> 등급 3개 | 옵션 2개 | 패키지 2개
[2026-09-29 18:21:33] 
==========================================
[2026-09-29 18:21:33] 🏢 [기아] 모델 목록 탐색 시작...
[2026-09-29 18:21:33] ==========================================
[2026-09-29 18:21:33] ▶ [기아] 더 뉴 K3 2세대 (연식 4개: 2024~2021)
[2026-09-29 18:21:34]   [수집성공] 기아 더 뉴 K3 2세대 (2024년형) -> 등급 6개 | 옵션 0개 | 패키지 0개
[2026-09-29 18:21:34]   [수집성공] 기아 더 뉴 K3 2세대 (2023년형) -> 등급 6개 | 옵션 0개 | 패키지 0개
[2026-09-29 18:21:35]   [수집성공] 기아 더 뉴 K3 2세대 (2022년형) -> 등급 7개 | 옵션 0개 | 패키지 0개
[2026-09-29 18:21:36]   [수집성공] 기아 더 뉴 K3 2세대 (2021년형) -> 등급 7개 | 옵션 0개 | 패키지 0개
[2026-09-29 18:21:37] ▶ [기아] 올 뉴 K3 (연식 4개: 2021~2018)
[2026-09-29 18:21:37]   [수집성공] 기아 올 뉴 K3 (2021년형) -> 등급 7개 | 옵션 0개 | 패키지 0개
[2026-09-29 18:21:39]   [수집성공] 기아 올 뉴 K3 (2020년형) -> 등급 9개 | 옵션 0개 | 패키지 0개
[2026-09-29 18:21:40]   [수집성공] 기아 올 뉴 K3 (2019년형) -> 등급 9개 | 옵션 0개 | 패키지 0개
[2026-09-29 18:21:41]   [수집성공] 기아 올 뉴 K3 (2018년형) -> 등급 5개 | 옵션 0개 | 패키지 0개
[2026-09-29 18:21:42] ▶ [기아] 더 뉴 K3 쿱 (연식 2개: 2017~2016)
[2026-09-29 18:21:42]   [수집성공] 기아 더 뉴 K3 쿱 (2017년형) -> 등급 4개 | 옵션 0개 | 패키지 0개
[2026-09-29 18:21:42]   [수집성공] 기아 더 뉴 K3 쿱 (2016년형) -> 등급 4개 | 옵션 0개 | 패키지 0개
[2026-09-29 18:21:43] ▶ [기아] 더 뉴 K3 유로 (연식 3개: 2018~2016)
[2026-09-29 18:21:43]   [수집성공] 기아 더 뉴 K3 유로 (2018년형) -> 등급 2개 | 옵션 0개 | 패키지 0개
[2026-09-29 18:21:44]   [수집성공] 기아 더 뉴 K3 유로 (2017년형) -> 등급 2개 | 옵션 0개 | 패키지 0개
[2026-09-29 18:21:45]   [수집성공] 기아 더 뉴 K3 유로 (2016년형) -> 등급 2개 | 옵션 0개 | 패키지 0개
[2026-09-29 18:21:46] ▶ [기아] 더 뉴 K3 (연식 4개: 2018~2015)
[2026-09-29 18:21:46]   [수집성공] 기아 더 뉴 K3 (2018년형) -> 등급 8개 | 옵션 4개 | 패키지 0개
[2026-09-29 18:21:47]   [수집성공] 기아 더 뉴 K3 (2017년형) -> 등급 8개 | 옵션 4개 | 패키지 0개
[2026-09-29 18:21:49]   [수집성공] 기아 더 뉴 K3 (2016년형) -> 등급 10개 | 옵션 12개 | 패키지 0개
[2026-09-29 18:21:50]   [수집성공] 기아 더 뉴 K3 (2015년형) -> 등급 6개 | 옵션 9개 | 패키지 0개
[2026-09-29 18:21:51] ▶ [기아] K3 유로 (연식 4개: 2016~2013)
[2026-09-29 18:21:51]   [수집성공] 기아 K3 유로 (2016년형) -> 등급 2개 | 옵션 0개 | 패키지 0개
[2026-09-29 18:21:51]   [수집성공] 기아 K3 유로 (2015년형) -> 등급 2개 | 옵션 0개 | 패키지 0개
[2026-09-29 18:21:53]   [수집성공] 기아 K3 유로 (2014년형) -> 등급 3개 | 옵션 6개 | 패키지 0개
[2026-09-29 18:21:54]   [수집성공] 기아 K3 유로 (2013년형) -> 등급 3개 | 옵션 6개 | 패키지 0개
[2026-09-29 18:21:54] ▶ [기아] K3 쿱 (연식 4개: 2016~2013)
[2026-09-29 18:21:55]   [수집성공] 기아 K3 쿱 (2016년형) -> 등급 5개 | 옵션 0개 | 패키지 0개
[2026-09-29 18:21:55]   [수집성공] 기아 K3 쿱 (2015년형) -> 등급 5개 | 옵션 0개 | 패키지 0개
[2026-09-29 18:21:56]   [수집성공] 기아 K3 쿱 (2014년형) -> 등급 5개 | 옵션 0개 | 패키지 0개
[2026-09-29 18:21:57]   [수집성공] 기아 K3 쿱 (2013년형) -> 등급 5개 | 옵션 8개 | 패키지 0개
[2026-09-29 18:21:58] ▶ [기아] K3 (연식 3개: 2015~2013)
[2026-09-29 18:21:58]   [수집성공] 기아 K3 (2015년형) -> 등급 9개 | 옵션 0개 | 패키지 0개
[2026-09-29 18:22:00]   [수집성공] 기아 K3 (2014년형) -> 등급 9개 | 옵션 12개 | 패키지 0개
[2026-09-29 18:22:01]   [수집성공] 기아 K3 (2013년형) -> 등급 6개 | 옵션 1개 | 패키지 1개
[2026-09-29 18:22:02] ▶ [기아] 더 뉴 K5 3세대 (연식 4개: 2026~2023)
[2026-09-29 18:22:02]   [수집성공] 기아 더 뉴 K5 3세대 (2026년형) -> 등급 11개 | 옵션 0개 | 패키지 0개
[2026-09-29 18:22:03]   [수집성공] 기아 더 뉴 K5 3세대 (2025년형) -> 등급 11개 | 옵션 0개 | 패키지 0개
[2026-09-29 18:22:04]   [수집성공] 기아 더 뉴 K5 3세대 (2024년형) -> 등급 10개 | 옵션 0개 | 패키지 0개
[2026-09-29 18:22:05]   [수집성공] 기아 더 뉴 K5 3세대 (2023년형) -> 등급 10개 | 옵션 0개 | 패키지 0개
[2026-09-29 18:22:06] ▶ [기아] 더 뉴 K5 하이브리드 3세대 (연식 4개: 2026~2023)
[2026-09-29 18:22:06]   [수집성공] 기아 더 뉴 K5 하이브리드 3세대 (2026년형) -> 등급 5개 | 옵션 0개 | 패키지 0개
[2026-09-29 18:22:07]   [수집성공] 기아 더 뉴 K5 하이브리드 3세대 (2025년형) -> 등급 4개 | 옵션 0개 | 패키지 0개
[2026-09-29 18:22:08]   [수집성공] 기아 더 뉴 K5 하이브리드 3세대 (2024년형) -> 등급 4개 | 옵션 0개 | 패키지 0개
[2026-09-29 18:22:09]   [수집성공] 기아 더 뉴 K5 하이브리드 3세대 (2023년형) -> 등급 4개 | 옵션 0개 | 패키지 0개
[2026-09-29 18:22:10] ▶ [기아] K5 3세대 (연식 5개: 2023~2019)
[2026-09-29 18:22:10]   [수집성공] 기아 K5 3세대 (2023년형) -> 등급 9개 | 옵션 0개 | 패키지 0개
[2026-09-29 18:22:12]   [수집성공] 기아 K5 3세대 (2022년형) -> 등급 10개 | 옵션 0개 | 패키지 0개
[2026-09-29 18:22:13]   [수집성공] 기아 K5 3세대 (2021년형) -> 등급 10개 | 옵션 1개 | 패키지 1개
[2026-09-29 18:22:14]   [수집성공] 기아 K5 3세대 (2020년형) -> 등급 9개 | 옵션 0개 | 패키지 0개
[2026-09-29 18:22:15]   [수집성공] 기아 K5 3세대 (2019년형) -> 등급 9개 | 옵션 0개 | 패키지 0개
[2026-09-29 18:22:16] ▶ [기아] K5 하이브리드 3세대 (연식 5개: 2023~2019)
[2026-09-29 18:22:16]   [수집성공] 기아 K5 하이브리드 3세대 (2023년형) -> 등급 5개 | 옵션 0개 | 패키지 0개
[2026-09-29 18:22:17]   [수집성공] 기아 K5 하이브리드 3세대 (2022년형) -> 등급 5개 | 옵션 0개 | 패키지 0개
[2026-09-29 18:22:18]   [확인완료] 기아 K5 하이브리드 3세대 (2021년형) -> 신차가격표 준비중/미등록
[2026-09-29 18:22:19]   [수집성공] 기아 K5 하이브리드 3세대 (2020년형) -> 등급 5개 | 옵션 0개 | 패키지 0개
[2026-09-29 18:22:20]   [수집성공] 기아 K5 하이브리드 3세대 (2019년형) -> 등급 5개 | 옵션 0개 | 패키지 0개
[2026-09-29 18:22:21] ▶ [기아] 더 뉴 K5 하이브리드 2세대 (연식 2개: 2019~2018)
[2026-09-29 18:22:21]   [수집성공] 기아 더 뉴 K5 하이브리드 2세대 (2019년형) -> 등급 4개 | 옵션 0개 | 패키지 0개
[2026-09-29 18:22:22]   [수집성공] 기아 더 뉴 K5 하이브리드 2세대 (2018년형) -> 등급 4개 | 옵션 9개 | 패키지 0개
[2026-09-29 18:22:23] ▶ [기아] 더 뉴 K5 2세대 (연식 4개: 2021~2018)
[2026-09-29 18:22:23]   [확인완료] 기아 더 뉴 K5 2세대 (2021년형) -> 신차가격표 준비중/미등록
[2026-09-29 18:22:24]   [수집성공] 기아 더 뉴 K5 2세대 (2020년형) -> 등급 10개 | 옵션 0개 | 패키지 0개
[2026-09-29 18:22:25]   [수집성공] 기아 더 뉴 K5 2세대 (2019년형) -> 등급 8개 | 옵션 0개 | 패키지 0개
[2026-09-29 18:22:26]   [수집성공] 기아 더 뉴 K5 2세대 (2018년형) -> 등급 8개 | 옵션 18개 | 패키지 0개
[2026-09-29 18:22:27] ▶ [기아] K5 하이브리드 2세대 (연식 4개: 2018~2015)
[2026-09-29 18:22:27]   [수집성공] 기아 K5 하이브리드 2세대 (2018년형) -> 등급 3개 | 옵션 0개 | 패키지 0개
[2026-09-29 18:22:28]   [수집성공] 기아 K5 하이브리드 2세대 (2017년형) -> 등급 6개 | 옵션 11개 | 패키지 0개
[2026-09-29 18:22:28]   [수집성공] 기아 K5 하이브리드 2세대 (2016년형) -> 등급 4개 | 옵션 8개 | 패키지 0개
[2026-09-29 18:22:29]   [수집성공] 기아 K5 하이브리드 2세대 (2015년형) -> 등급 4개 | 옵션 7개 | 패키지 0개
[2026-09-29 18:22:30] ▶ [기아] K5 2세대 (연식 4개: 2018~2015)
[2026-09-29 18:22:30]   [수집성공] 기아 K5 2세대 (2018년형) -> 등급 15개 | 옵션 2개 | 패키지 0개
[2026-09-29 18:22:32]   [수집성공] 기아 K5 2세대 (2017년형) -> 등급 14개 | 옵션 10개 | 패키지 7개
[2026-09-29 18:22:32]   [수집성공] 기아 K5 2세대 (2016년형) -> 등급 12개 | 옵션 6개 | 패키지 6개
[2026-09-29 18:22:33]   [수집성공] 기아 K5 2세대 (2015년형) -> 등급 10개 | 옵션 0개 | 패키지 0개
[2026-09-29 18:22:34] ▶ [기아] 더 뉴 K5 (연식 3개: 2015~2013)
[2026-09-29 18:22:34]   [수집성공] 기아 더 뉴 K5 (2015년형) -> 등급 12개 | 옵션 0개 | 패키지 0개
[2026-09-29 18:22:35]   [수집성공] 기아 더 뉴 K5 (2014년형) -> 등급 12개 | 옵션 0개 | 패키지 0개
[2026-09-29 18:22:36]   [수집성공] 기아 더 뉴 K5 (2013년형) -> 등급 10개 | 옵션 0개 | 패키지 0개
[2026-09-29 18:22:37] ▶ [기아] K5 하이브리드 (연식 3개: 2015~2013)
[2026-09-29 18:22:37]   [수집성공] 기아 K5 하이브리드 (2015년형) -> 등급 4개 | 옵션 0개 | 패키지 0개
[2026-09-29 18:22:39]   [수집성공] 기아 K5 하이브리드 (2014년형) -> 등급 4개 | 옵션 0개 | 패키지 0개
[2026-09-29 18:22:40]   [수집성공] 기아 K5 하이브리드 (2013년형) -> 등급 5개 | 옵션 0개 | 패키지 0개
[2026-09-29 18:22:41] ▶ [기아] K5 (연식 1개: 2013~2013)
[2026-09-29 18:22:41]   [수집성공] 기아 K5 (2013년형) -> 등급 14개 | 옵션 2개 | 패키지 2개
[2026-09-29 18:22:42] ▶ [기아] K7 프리미어 (연식 3개: 2021~2019)
[2026-09-29 18:22:42]   [수집성공] 기아 K7 프리미어 (2021년형) -> 등급 15개 | 옵션 0개 | 패키지 0개
[2026-09-29 18:22:43]   [수집성공] 기아 K7 프리미어 (2020년형) -> 등급 18개 | 옵션 0개 | 패키지 0개
[2026-09-29 18:22:43]   [수집성공] 기아 K7 프리미어 (2019년형) -> 등급 17개 | 옵션 0개 | 패키지 0개
[2026-09-29 18:22:44] ▶ [기아] K7 프리미어 하이브리드 (연식 3개: 2021~2019)
[2026-09-29 18:22:44]   [수집성공] 기아 K7 프리미어 하이브리드 (2021년형) -> 등급 4개 | 옵션 0개 | 패키지 0개
[2026-09-29 18:22:45]   [수집성공] 기아 K7 프리미어 하이브리드 (2020년형) -> 등급 4개 | 옵션 0개 | 패키지 0개
[2026-09-29 18:22:46]   [수집성공] 기아 K7 프리미어 하이브리드 (2019년형) -> 등급 4개 | 옵션 0개 | 패키지 0개
[2026-09-29 18:22:47] ▶ [기아] 올 뉴 K7 하이브리드 (연식 4개: 2019~2016)
[2026-09-29 18:22:48]   [수집성공] 기아 올 뉴 K7 하이브리드 (2019년형) -> 등급 4개 | 옵션 0개 | 패키지 0개
[2026-09-29 18:22:48]   [수집성공] 기아 올 뉴 K7 하이브리드 (2018년형) -> 등급 4개 | 옵션 0개 | 패키지 0개
[2026-09-29 18:22:49]   [수집성공] 기아 올 뉴 K7 하이브리드 (2017년형) -> 등급 4개 | 옵션 8개 | 패키지 0개
[2026-09-29 18:22:51]   [수집성공] 기아 올 뉴 K7 하이브리드 (2016년형) -> 등급 4개 | 옵션 0개 | 패키지 0개
[2026-09-29 18:22:51] ▶ [기아] 올 뉴 K7 (연식 4개: 2019~2016)
[2026-09-29 18:22:52]   [수집성공] 기아 올 뉴 K7 (2019년형) -> 등급 12개 | 옵션 1개 | 패키지 0개
[2026-09-29 18:22:53]   [수집성공] 기아 올 뉴 K7 (2018년형) -> 등급 10개 | 옵션 1개 | 패키지 1개
[2026-09-29 18:22:54]   [수집성공] 기아 올 뉴 K7 (2017년형) -> 등급 12개 | 옵션 2개 | 패키지 1개
[2026-09-29 18:22:55]   [수집성공] 기아 올 뉴 K7 (2016년형) -> 등급 7개 | 옵션 0개 | 패키지 0개
[2026-09-29 18:22:56] ▶ [기아] K7 하이브리드 (연식 4개: 2016~2013)
[2026-09-29 18:22:56]   [수집성공] 기아 K7 하이브리드 (2016년형) -> 등급 3개 | 옵션 5개 | 패키지 0개
[2026-09-29 18:22:57]   [수집성공] 기아 K7 하이브리드 (2015년형) -> 등급 3개 | 옵션 4개 | 패키지 0개
[2026-09-29 18:22:58]   [수집성공] 기아 K7 하이브리드 (2014년형) -> 등급 3개 | 옵션 5개 | 패키지 0개
[2026-09-29 18:22:59]   [수집성공] 기아 K7 하이브리드 (2013년형) -> 등급 3개 | 옵션 5개 | 패키지 0개
[2026-09-29 18:23:01] ▶ [기아] 더 뉴 K7 (연식 4개: 2016~2013)
[2026-09-29 18:23:01]   [수집성공] 기아 더 뉴 K7 (2016년형) -> 등급 6개 | 옵션 0개 | 패키지 0개
[2026-09-29 18:23:01]   [수집성공] 기아 더 뉴 K7 (2015년형) -> 등급 6개 | 옵션 11개 | 패키지 0개
[2026-09-29 18:23:03]   [수집성공] 기아 더 뉴 K7 (2014년형) -> 등급 9개 | 옵션 13개 | 패키지 0개
[2026-09-29 18:23:03]   [수집성공] 기아 더 뉴 K7 (2013년형) -> 등급 9개 | 옵션 0개 | 패키지 0개
[2026-09-29 18:23:04] ▶ [기아] 더 뉴 K8 (연식 3개: 2026~2024)
[2026-09-29 18:23:04]   [확인완료] 기아 더 뉴 K8 (2026년형) -> 신차가격표 준비중/미등록
[2026-09-29 18:23:05]   [수집성공] 기아 더 뉴 K8 (2025년형) -> 등급 9개 | 옵션 1개 | 패키지 1개
[2026-09-29 18:23:06]   [수집성공] 기아 더 뉴 K8 (2024년형) -> 등급 9개 | 옵션 1개 | 패키지 1개
[2026-09-29 18:23:07] ▶ [기아] 더 뉴 K8 하이브리드 (연식 3개: 2026~2024)
[2026-09-29 18:23:07]   [수집성공] 기아 더 뉴 K8 하이브리드 (2026년형) -> 등급 6개 | 옵션 1개 | 패키지 1개
[2026-09-29 18:23:08]   [수집성공] 기아 더 뉴 K8 하이브리드 (2025년형) -> 등급 5개 | 옵션 1개 | 패키지 1개
[2026-09-29 18:23:09]   [수집성공] 기아 더 뉴 K8 하이브리드 (2024년형) -> 등급 5개 | 옵션 1개 | 패키지 1개
[2026-09-29 18:23:10] ▶ [기아] K8 (연식 4개: 2024~2021)
[2026-09-29 18:23:10]   [수집성공] 기아 K8 (2024년형) -> 등급 11개 | 옵션 0개 | 패키지 0개
[2026-09-29 18:23:11]   [수집성공] 기아 K8 (2023년형) -> 등급 10개 | 옵션 0개 | 패키지 0개
[2026-09-29 18:23:12]   [수집성공] 기아 K8 (2022년형) -> 등급 9개 | 옵션 0개 | 패키지 0개
[2026-09-29 18:23:13]   [수집성공] 기아 K8 (2021년형) -> 등급 8개 | 옵션 0개 | 패키지 0개
[2026-09-29 18:23:14] ▶ [기아] K8 하이브리드 (연식 4개: 2024~2021)
[2026-09-29 18:23:14]   [수집성공] 기아 K8 하이브리드 (2024년형) -> 등급 5개 | 옵션 0개 | 패키지 0개
[2026-09-29 18:23:15]   [수집성공] 기아 K8 하이브리드 (2023년형) -> 등급 5개 | 옵션 0개 | 패키지 0개
[2026-09-29 18:23:16]   [수집성공] 기아 K8 하이브리드 (2022년형) -> 등급 4개 | 옵션 1개 | 패키지 1개
[2026-09-29 18:23:17]   [수집성공] 기아 K8 하이브리드 (2021년형) -> 등급 4개 | 옵션 0개 | 패키지 0개
[2026-09-29 18:23:18] ▶ [기아] 더 뉴 K9 2세대 (연식 6개: 2026~2021)
[2026-09-29 18:23:18]   [확인완료] 기아 더 뉴 K9 2세대 (2026년형) -> 신차가격표 준비중/미등록
[2026-09-29 18:23:19]   [수집성공] 기아 더 뉴 K9 2세대 (2025년형) -> 등급 5개 | 옵션 5개 | 패키지 5개
[2026-09-29 18:23:20]   [수집성공] 기아 더 뉴 K9 2세대 (2024년형) -> 등급 5개 | 옵션 5개 | 패키지 5개
[2026-09-29 18:23:21]   [수집성공] 기아 더 뉴 K9 2세대 (2023년형) -> 등급 5개 | 옵션 5개 | 패키지 5개
[2026-09-29 18:23:22]   [수집성공] 기아 더 뉴 K9 2세대 (2022년형) -> 등급 5개 | 옵션 5개 | 패키지 5개
[2026-09-29 18:23:23]   [수집성공] 기아 더 뉴 K9 2세대 (2021년형) -> 등급 5개 | 옵션 1개 | 패키지 1개
[2026-09-29 18:23:24] ▶ [기아] 더 K9 (연식 4개: 2021~2018)
[2026-09-29 18:23:24]   [수집성공] 기아 더 K9 (2021년형) -> 등급 6개 | 옵션 4개 | 패키지 4개
[2026-09-29 18:23:25]   [수집성공] 기아 더 K9 (2020년형) -> 등급 6개 | 옵션 0개 | 패키지 0개
[2026-09-29 18:23:26]   [수집성공] 기아 더 K9 (2019년형) -> 등급 6개 | 옵션 0개 | 패키지 0개
[2026-09-29 18:23:27]   [수집성공] 기아 더 K9 (2018년형) -> 등급 6개 | 옵션 16개 | 패키지 0개
[2026-09-29 18:23:28] ▶ [기아] 더 뉴 K9 (연식 5개: 2018~2014)
[2026-09-29 18:23:28]   [수집성공] 기아 더 뉴 K9 (2018년형) -> 등급 7개 | 옵션 0개 | 패키지 0개
[2026-09-29 18:23:29]   [수집성공] 기아 더 뉴 K9 (2017년형) -> 등급 7개 | 옵션 1개 | 패키지 1개
[2026-09-29 18:23:30]   [수집성공] 기아 더 뉴 K9 (2016년형) -> 등급 7개 | 옵션 0개 | 패키지 0개
[2026-09-29 18:23:31]   [수집성공] 기아 더 뉴 K9 (2015년형) -> 등급 7개 | 옵션 0개 | 패키지 0개
[2026-09-29 18:23:32]   [수집성공] 기아 더 뉴 K9 (2014년형) -> 등급 7개 | 옵션 0개 | 패키지 0개
[2026-09-29 18:23:33] ▶ [기아] K9 (연식 2개: 2014~2013)
[2026-09-29 18:23:33]   [수집성공] 기아 K9 (2014년형) -> 등급 9개 | 옵션 0개 | 패키지 0개
[2026-09-29 18:23:34]   [수집성공] 기아 K9 (2013년형) -> 등급 7개 | 옵션 0개 | 패키지 0개
[2026-09-29 18:23:34] ▶ [기아] EV3 (연식 3개: 2026~2024)
[2026-09-29 18:23:35]   [수집성공] 기아 EV3 (2026년형) -> 등급 4개 | 옵션 0개 | 패키지 0개
[2026-09-29 18:23:35]   [수집성공] 기아 EV3 (2025년형) -> 등급 3개 | 옵션 0개 | 패키지 0개
[2026-09-29 18:23:36]   [수집성공] 기아 EV3 (2024년형) -> 등급 3개 | 옵션 0개 | 패키지 0개
[2026-09-29 18:23:37] ▶ [기아] EV4 (연식 2개: 2026~2025)
[2026-09-29 18:23:37]   [수집성공] 기아 EV4 (2026년형) -> 등급 4개 | 옵션 0개 | 패키지 0개
[2026-09-29 18:23:39]   [수집성공] 기아 EV4 (2025년형) -> 등급 3개 | 옵션 0개 | 패키지 0개
[2026-09-29 18:23:39] ▶ [기아] EV5 (연식 2개: 2026~2025)
[2026-09-29 18:23:39]   [확인완료] 기아 EV5 (2026년형) -> 신차가격표 준비중/미등록
[2026-09-29 18:23:41]   [수집성공] 기아 EV5 (2025년형) -> 등급 2개 | 옵션 0개 | 패키지 0개
[2026-09-29 18:23:42] ▶ [기아] 더 뉴 EV6 (연식 3개: 2026~2024)
[2026-09-29 18:23:42]   [확인완료] 기아 더 뉴 EV6 (2026년형) -> 신차가격표 준비중/미등록
[2026-09-29 18:23:43]   [수집성공] 기아 더 뉴 EV6 (2025년형) -> 등급 5개 | 옵션 0개 | 패키지 0개
[2026-09-29 18:23:44]   [수집성공] 기아 더 뉴 EV6 (2024년형) -> 등급 3개 | 옵션 0개 | 패키지 0개
[2026-09-29 18:23:45] ▶ [기아] EV6 (연식 4개: 2024~2021)
[2026-09-29 18:23:45]   [수집성공] 기아 EV6 (2024년형) -> 등급 6개 | 옵션 0개 | 패키지 0개
[2026-09-29 18:23:46]   [수집성공] 기아 EV6 (2023년형) -> 등급 6개 | 옵션 0개 | 패키지 0개
[2026-09-29 18:23:47]   [수집성공] 기아 EV6 (2022년형) -> 등급 6개 | 옵션 1개 | 패키지 1개
[2026-09-29 18:23:48]   [수집성공] 기아 EV6 (2021년형) -> 등급 5개 | 옵션 1개 | 패키지 1개
[2026-09-29 18:23:49] ▶ [기아] EV9 (연식 4개: 2026~2023)
[2026-09-29 18:23:49]   [확인완료] 기아 EV9 (2026년형) -> 신차가격표 준비중/미등록
[2026-09-29 18:23:50]   [수집성공] 기아 EV9 (2025년형) -> 등급 6개 | 옵션 1개 | 패키지 1개
[2026-09-29 18:23:51]   [수집성공] 기아 EV9 (2024년형) -> 등급 6개 | 옵션 1개 | 패키지 1개
[2026-09-29 18:23:52]   [수집성공] 기아 EV9 (2023년형) -> 등급 6개 | 옵션 1개 | 패키지 1개
[2026-09-29 18:23:54] ▶ [기아] PV5 (연식 2개: 2026~2025)
[2026-09-29 18:23:54]   [수집성공] 기아 PV5 (2026년형) -> 등급 4개 | 옵션 1개 | 패키지 1개
[2026-09-29 18:23:55]   [수집성공] 기아 PV5 (2025년형) -> 등급 4개 | 옵션 2개 | 패키지 2개
[2026-09-29 18:23:56] ▶ [기아] 더 뉴 니로 2세대 (연식 1개: 2026~2026)
[2026-09-29 18:23:56]   [확인완료] 기아 더 뉴 니로 2세대 (2026년형) -> 신차가격표 준비중/미등록
[2026-09-29 18:23:56] ▶ [기아] 디 올 뉴 니로 EV (연식 5개: 2026~2022)
[2026-09-29 18:23:57]   [수집성공] 기아 디 올 뉴 니로 EV (2026년형) -> 등급 3개 | 옵션 0개 | 패키지 0개
[2026-09-29 18:23:58]   [수집성공] 기아 디 올 뉴 니로 EV (2025년형) -> 등급 3개 | 옵션 0개 | 패키지 0개
[2026-09-29 18:23:58]   [수집성공] 기아 디 올 뉴 니로 EV (2024년형) -> 등급 3개 | 옵션 0개 | 패키지 0개
[2026-09-29 18:23:59]   [수집성공] 기아 디 올 뉴 니로 EV (2023년형) -> 등급 3개 | 옵션 0개 | 패키지 0개
[2026-09-29 18:24:00]   [수집성공] 기아 디 올 뉴 니로 EV (2022년형) -> 등급 3개 | 옵션 0개 | 패키지 0개
[2026-09-29 18:24:01] ▶ [기아] 니로 플러스 (연식 3개: 2024~2022)
[2026-09-29 18:24:01]   [수집성공] 기아 니로 플러스 (2024년형) -> 등급 5개 | 옵션 0개 | 패키지 0개
[2026-09-29 18:24:03]   [수집성공] 기아 니로 플러스 (2023년형) -> 등급 5개 | 옵션 0개 | 패키지 0개
[2026-09-29 18:24:04]   [수집성공] 기아 니로 플러스 (2022년형) -> 등급 5개 | 옵션 0개 | 패키지 0개
[2026-09-29 18:24:05] ▶ [기아] 디 올 뉴 니로 (연식 5개: 2026~2022)
[2026-09-29 18:24:05]   [확인완료] 기아 디 올 뉴 니로 (2026년형) -> 신차가격표 준비중/미등록
[2026-09-29 18:24:06]   [수집성공] 기아 디 올 뉴 니로 (2025년형) -> 등급 4개 | 옵션 0개 | 패키지 0개
[2026-09-29 18:24:07]   [수집성공] 기아 디 올 뉴 니로 (2024년형) -> 등급 4개 | 옵션 0개 | 패키지 0개
[2026-09-29 18:24:08]   [수집성공] 기아 디 올 뉴 니로 (2023년형) -> 등급 4개 | 옵션 0개 | 패키지 0개
[2026-09-29 18:24:09]   [수집성공] 기아 디 올 뉴 니로 (2022년형) -> 등급 4개 | 옵션 0개 | 패키지 0개
[2026-09-29 18:24:09] ▶ [기아] 더 뉴 니로 (연식 4개: 2022~2019)
[2026-09-29 18:24:10]   [확인완료] 기아 더 뉴 니로 (2022년형) -> 신차가격표 준비중/미등록
[2026-09-29 18:24:11]   [수집성공] 기아 더 뉴 니로 (2021년형) -> 등급 6개 | 옵션 0개 | 패키지 0개
[2026-09-29 18:24:12]   [수집성공] 기아 더 뉴 니로 (2020년형) -> 등급 6개 | 옵션 0개 | 패키지 0개
[2026-09-29 18:24:13]   [수집성공] 기아 더 뉴 니로 (2019년형) -> 등급 6개 | 옵션 0개 | 패키지 0개
[2026-09-29 18:24:14] ▶ [기아] 니로 EV (연식 5개: 2022~2018)
[2026-09-29 18:24:14]   [확인완료] 기아 니로 EV (2022년형) -> 신차가격표 준비중/미등록
[2026-09-29 18:24:15]   [수집성공] 기아 니로 EV (2021년형) -> 등급 3개 | 옵션 0개 | 패키지 0개
[2026-09-29 18:24:17]   [수집성공] 기아 니로 EV (2020년형) -> 등급 3개 | 옵션 0개 | 패키지 0개
[2026-09-29 18:24:18]   [수집성공] 기아 니로 EV (2019년형) -> 등급 3개 | 옵션 0개 | 패키지 0개
[2026-09-29 18:24:19]   [수집성공] 기아 니로 EV (2018년형) -> 등급 3개 | 옵션 0개 | 패키지 0개
[2026-09-29 18:24:19] ▶ [기아] 니로 (연식 4개: 2019~2016)
[2026-09-29 18:24:19]   [수집성공] 기아 니로 (2019년형) -> 등급 5개 | 옵션 0개 | 패키지 0개
[2026-09-29 18:24:21]   [수집성공] 기아 니로 (2018년형) -> 등급 5개 | 옵션 0개 | 패키지 0개
[2026-09-29 18:24:22]   [수집성공] 기아 니로 (2017년형) -> 등급 5개 | 옵션 9개 | 패키지 0개
[2026-09-29 18:24:23]   [수집성공] 기아 니로 (2016년형) -> 등급 4개 | 옵션 0개 | 패키지 0개
[2026-09-29 18:24:23] ▶ [기아] 더 뉴 기아 레이 EV (연식 4개: 2026~2023)
[2026-09-29 18:24:24]   [확인완료] 기아 더 뉴 기아 레이 EV (2026년형) -> 신차가격표 준비중/미등록
[2026-09-29 18:24:24]   [확인완료] 기아 더 뉴 기아 레이 EV (2025년형) -> 신차가격표 준비중/미등록
[2026-09-29 18:24:26]   [수집성공] 기아 더 뉴 기아 레이 EV (2024년형) -> 등급 4개 | 옵션 0개 | 패키지 0개
[2026-09-29 18:24:27]   [수집성공] 기아 더 뉴 기아 레이 EV (2023년형) -> 등급 4개 | 옵션 0개 | 패키지 0개
[2026-09-29 18:24:28] ▶ [기아] 더 뉴 기아 레이 (연식 5개: 2026~2022)
[2026-09-29 18:24:28]   [확인완료] 기아 더 뉴 기아 레이 (2026년형) -> 신차가격표 준비중/미등록
[2026-09-29 18:24:29]   [수집성공] 기아 더 뉴 기아 레이 (2025년형) -> 등급 12개 | 옵션 0개 | 패키지 0개
[2026-09-29 18:24:30]   [수집성공] 기아 더 뉴 기아 레이 (2024년형) -> 등급 12개 | 옵션 0개 | 패키지 0개
[2026-09-29 18:24:31]   [수집성공] 기아 더 뉴 기아 레이 (2023년형) -> 등급 12개 | 옵션 0개 | 패키지 0개
[2026-09-29 18:24:32]   [수집성공] 기아 더 뉴 기아 레이 (2022년형) -> 등급 9개 | 옵션 0개 | 패키지 0개
[2026-09-29 18:24:33] ▶ [기아] 더 뉴 레이 (연식 6개: 2022~2017)
[2026-09-29 18:24:33]   [확인완료] 기아 더 뉴 레이 (2022년형) -> 신차가격표 준비중/미등록
[2026-09-29 18:24:34]   [수집성공] 기아 더 뉴 레이 (2021년형) -> 등급 6개 | 옵션 0개 | 패키지 0개
[2026-09-29 18:24:35]   [수집성공] 기아 더 뉴 레이 (2020년형) -> 등급 5개 | 옵션 0개 | 패키지 0개
[2026-09-29 18:24:37]   [수집성공] 기아 더 뉴 레이 (2019년형) -> 등급 8개 | 옵션 0개 | 패키지 0개
[2026-09-29 18:24:37]   [수집성공] 기아 더 뉴 레이 (2018년형) -> 등급 8개 | 옵션 0개 | 패키지 0개
[2026-09-29 18:24:38]   [수집성공] 기아 더 뉴 레이 (2017년형) -> 등급 7개 | 옵션 0개 | 패키지 0개
[2026-09-29 18:24:39] ▶ [기아] 레이 (연식 5개: 2017~2013)
[2026-09-29 18:24:39]   [수집성공] 기아 레이 (2017년형) -> 등급 7개 | 옵션 0개 | 패키지 0개
[2026-09-29 18:24:40]   [수집성공] 기아 레이 (2016년형) -> 등급 9개 | 옵션 0개 | 패키지 0개
[2026-09-29 18:24:41]   [수집성공] 기아 레이 (2015년형) -> 등급 9개 | 옵션 0개 | 패키지 0개
[2026-09-29 18:24:42]   [수집성공] 기아 레이 (2014년형) -> 등급 10개 | 옵션 0개 | 패키지 0개
[2026-09-29 18:24:43]   [수집성공] 기아 레이 (2013년형) -> 등급 10개 | 옵션 0개 | 패키지 0개
[2026-09-29 18:24:44] ▶ [기아] 더 뉴 모닝 (JA) (연식 4개: 2026~2023)
[2026-09-29 18:24:45]   [확인완료] 기아 더 뉴 모닝 (JA) (2026년형) -> 신차가격표 준비중/미등록
[2026-09-29 18:24:45]   [수집성공] 기아 더 뉴 모닝 (JA) (2025년형) -> 등급 6개 | 옵션 0개 | 패키지 0개
[2026-09-29 18:24:46]   [수집성공] 기아 더 뉴 모닝 (JA) (2024년형) -> 등급 6개 | 옵션 0개 | 패키지 0개
[2026-09-29 18:24:47]   [수집성공] 기아 더 뉴 모닝 (JA) (2023년형) -> 등급 4개 | 옵션 0개 | 패키지 0개
[2026-09-29 18:24:49] ▶ [기아] 모닝 어반 (JA) (연식 4개: 2023~2020)
[2026-09-29 18:24:49]   [수집성공] 기아 모닝 어반 (JA) (2023년형) -> 등급 6개 | 옵션 2개 | 패키지 2개
[2026-09-29 18:24:49]   [수집성공] 기아 모닝 어반 (JA) (2022년형) -> 등급 6개 | 옵션 2개 | 패키지 2개
[2026-09-29 18:24:51]   [확인완료] 기아 모닝 어반 (JA) (2021년형) -> 신차가격표 준비중/미등록
[2026-09-29 18:24:51]   [수집성공] 기아 모닝 어반 (JA) (2020년형) -> 등급 6개 | 옵션 1개 | 패키지 1개
[2026-09-29 18:24:52] ▶ [기아] 올 뉴 모닝 (JA) (연식 4개: 2020~2017)
[2026-09-29 18:24:52]   [수집성공] 기아 올 뉴 모닝 (JA) (2020년형) -> 등급 9개 | 옵션 0개 | 패키지 0개
[2026-09-29 18:24:54]   [수집성공] 기아 올 뉴 모닝 (JA) (2019년형) -> 등급 10개 | 옵션 0개 | 패키지 0개
[2026-09-29 18:24:55]   [수집성공] 기아 올 뉴 모닝 (JA) (2018년형) -> 등급 11개 | 옵션 0개 | 패키지 0개
[2026-09-29 18:24:56]   [수집성공] 기아 올 뉴 모닝 (JA) (2017년형) -> 등급 6개 | 옵션 0개 | 패키지 0개
[2026-09-29 18:24:57] ▶ [기아] 더 뉴 모닝 (연식 3개: 2017~2015)
[2026-09-29 18:24:57]   [수집성공] 기아 더 뉴 모닝 (2017년형) -> 등급 8개 | 옵션 0개 | 패키지 0개
[2026-09-29 18:24:58]   [수집성공] 기아 더 뉴 모닝 (2016년형) -> 등급 8개 | 옵션 0개 | 패키지 0개
[2026-09-29 18:24:59]   [수집성공] 기아 더 뉴 모닝 (2015년형) -> 등급 8개 | 옵션 0개 | 패키지 0개
[2026-09-29 18:25:00] ▶ [기아] 올 뉴 모닝 (연식 3개: 2015~2013)
[2026-09-29 18:25:00]   [수집성공] 기아 올 뉴 모닝 (2015년형) -> 등급 11개 | 옵션 0개 | 패키지 0개
[2026-09-29 18:25:01]   [수집성공] 기아 올 뉴 모닝 (2014년형) -> 등급 11개 | 옵션 0개 | 패키지 0개
[2026-09-29 18:25:02]   [수집성공] 기아 올 뉴 모닝 (2013년형) -> 등급 11개 | 옵션 4개 | 패키지 0개
[2026-09-29 18:25:03] ▶ [기아] 모하비 더 마스터 (연식 7개: 2025~2019)
[2026-09-29 18:25:03]   [확인완료] 기아 모하비 더 마스터 (2025년형) -> 신차가격표 준비중/미등록
[2026-09-29 18:25:04]   [수집성공] 기아 모하비 더 마스터 (2024년형) -> 등급 4개 | 옵션 0개 | 패키지 0개
[2026-09-29 18:25:05]   [수집성공] 기아 모하비 더 마스터 (2023년형) -> 등급 3개 | 옵션 0개 | 패키지 0개
[2026-09-29 18:25:07]   [수집성공] 기아 모하비 더 마스터 (2022년형) -> 등급 3개 | 옵션 0개 | 패키지 0개
[2026-09-29 18:25:08]   [수집성공] 기아 모하비 더 마스터 (2021년형) -> 등급 3개 | 옵션 1개 | 패키지 1개
[2026-09-29 18:25:09]   [수집성공] 기아 모하비 더 마스터 (2020년형) -> 등급 4개 | 옵션 0개 | 패키지 0개
[2026-09-29 18:25:10]   [수집성공] 기아 모하비 더 마스터 (2019년형) -> 등급 4개 | 옵션 0개 | 패키지 0개
[2026-09-29 18:25:11] ▶ [기아] 더 뉴 모하비 (연식 4개: 2019~2016)
[2026-09-29 18:25:11]   [확인완료] 기아 더 뉴 모하비 (2019년형) -> 신차가격표 준비중/미등록
[2026-09-29 18:25:12]   [수집성공] 기아 더 뉴 모하비 (2018년형) -> 등급 4개 | 옵션 0개 | 패키지 0개
[2026-09-29 18:25:13]   [수집성공] 기아 더 뉴 모하비 (2017년형) -> 등급 4개 | 옵션 0개 | 패키지 0개
[2026-09-29 18:25:14]   [수집성공] 기아 더 뉴 모하비 (2016년형) -> 등급 4개 | 옵션 0개 | 패키지 0개
[2026-09-29 18:25:15] ▶ [기아] 모하비 (연식 4개: 2016~2013)
[2026-09-29 18:25:15]   [수집성공] 기아 모하비 (2016년형) -> 등급 5개 | 옵션 0개 | 패키지 0개
[2026-09-29 18:25:16]   [수집성공] 기아 모하비 (2015년형) -> 등급 5개 | 옵션 0개 | 패키지 0개
[2026-09-29 18:25:17]   [수집성공] 기아 모하비 (2014년형) -> 등급 7개 | 옵션 3개 | 패키지 0개
[2026-09-29 18:25:18]   [수집성공] 기아 모하비 (2013년형) -> 등급 7개 | 옵션 0개 | 패키지 0개
[2026-09-29 18:25:19] ▶ [기아] 셀토스 2세대 (연식 1개: 2026~2026)
[2026-09-29 18:25:19]   [확인완료] 기아 셀토스 2세대 (2026년형) -> 신차가격표 준비중/미등록
[2026-09-29 18:25:20] ▶ [기아] 더 뉴 셀토스 (연식 5개: 2026~2022)
[2026-09-29 18:25:20]   [확인완료] 기아 더 뉴 셀토스 (2026년형) -> 신차가격표 준비중/미등록
[2026-09-29 18:25:21]   [수집성공] 기아 더 뉴 셀토스 (2025년형) -> 등급 9개 | 옵션 0개 | 패키지 0개
[2026-09-29 18:25:22]   [수집성공] 기아 더 뉴 셀토스 (2024년형) -> 등급 9개 | 옵션 0개 | 패키지 0개
[2026-09-29 18:25:23]   [수집성공] 기아 더 뉴 셀토스 (2023년형) -> 등급 7개 | 옵션 1개 | 패키지 1개
[2026-09-29 18:25:25]   [수집성공] 기아 더 뉴 셀토스 (2022년형) -> 등급 9개 | 옵션 1개 | 패키지 1개
[2026-09-29 18:25:25] ▶ [기아] 셀토스 (연식 4개: 2022~2019)
[2026-09-29 18:25:25]   [수집성공] 기아 셀토스 (2022년형) -> 등급 7개 | 옵션 0개 | 패키지 0개
[2026-09-29 18:25:26]   [수집성공] 기아 셀토스 (2021년형) -> 등급 9개 | 옵션 0개 | 패키지 0개
[2026-09-29 18:25:27]   [수집성공] 기아 셀토스 (2020년형) -> 등급 8개 | 옵션 2개 | 패키지 2개
[2026-09-29 18:25:28]   [수집성공] 기아 셀토스 (2019년형) -> 등급 8개 | 옵션 2개 | 패키지 2개
[2026-09-29 18:25:29] ▶ [기아] 스토닉 (연식 5개: 2021~2017)
[2026-09-29 18:25:29]   [수집성공] 기아 스토닉 (2021년형) -> 등급 5개 | 옵션 0개 | 패키지 0개
[2026-09-29 18:25:30]   [수집성공] 기아 스토닉 (2020년형) -> 등급 4개 | 옵션 0개 | 패키지 0개
[2026-09-29 18:25:31]   [수집성공] 기아 스토닉 (2019년형) -> 등급 4개 | 옵션 0개 | 패키지 0개
[2026-09-29 18:25:32]   [수집성공] 기아 스토닉 (2018년형) -> 등급 4개 | 옵션 0개 | 패키지 0개
[2026-09-29 18:25:33]   [수집성공] 기아 스토닉 (2017년형) -> 등급 4개 | 옵션 0개 | 패키지 0개
[2026-09-29 18:25:34] ▶ [기아] 스팅어 마이스터 (연식 4개: 2023~2020)
[2026-09-29 18:25:34]   [수집성공] 기아 스팅어 마이스터 (2023년형) -> 등급 9개 | 옵션 0개 | 패키지 0개
[2026-09-29 18:25:35]   [수집성공] 기아 스팅어 마이스터 (2022년형) -> 등급 9개 | 옵션 0개 | 패키지 0개
[2026-09-29 18:25:36]   [수집성공] 기아 스팅어 마이스터 (2021년형) -> 등급 7개 | 옵션 0개 | 패키지 0개
[2026-09-29 18:25:37]   [수집성공] 기아 스팅어 마이스터 (2020년형) -> 등급 7개 | 옵션 0개 | 패키지 0개
[2026-09-29 18:25:38] ▶ [기아] 스팅어 (연식 4개: 2020~2017)
[2026-09-29 18:25:38]   [수집성공] 기아 스팅어 (2020년형) -> 등급 7개 | 옵션 1개 | 패키지 1개
[2026-09-29 18:25:39]   [수집성공] 기아 스팅어 (2019년형) -> 등급 7개 | 옵션 9개 | 패키지 1개
[2026-09-29 18:25:40]   [수집성공] 기아 스팅어 (2018년형) -> 등급 4개 | 옵션 10개 | 패키지 1개
[2026-09-29 18:25:41]   [수집성공] 기아 스팅어 (2017년형) -> 등급 7개 | 옵션 1개 | 패키지 1개
[2026-09-29 18:25:42] ▶ [기아] 더 뉴 스포티지 5세대 (연식 3개: 2026~2024)
[2026-09-29 18:25:42]   [확인완료] 기아 더 뉴 스포티지 5세대 (2026년형) -> 신차가격표 준비중/미등록
[2026-09-29 18:25:43]   [확인완료] 기아 더 뉴 스포티지 5세대 (2025년형) -> 신차가격표 준비중/미등록
[2026-09-29 18:25:44]   [확인완료] 기아 더 뉴 스포티지 5세대 (2024년형) -> 신차가격표 준비중/미등록
[2026-09-29 18:25:45] ▶ [기아] 더 뉴 스포티지 5세대 하이브리드 (연식 3개: 2026~2024)
[2026-09-29 18:25:45]   [확인완료] 기아 더 뉴 스포티지 5세대 하이브리드 (2026년형) -> 신차가격표 준비중/미등록
[2026-09-29 18:25:47]   [확인완료] 기아 더 뉴 스포티지 5세대 하이브리드 (2025년형) -> 신차가격표 준비중/미등록
[2026-09-29 18:25:48]   [확인완료] 기아 더 뉴 스포티지 5세대 하이브리드 (2024년형) -> 신차가격표 준비중/미등록
[2026-09-29 18:25:48] ▶ [기아] 스포티지 5세대 (연식 5개: 2025~2021)
[2026-09-29 18:25:49]   [확인완료] 기아 스포티지 5세대 (2025년형) -> 신차가격표 준비중/미등록
[2026-09-29 18:25:50]   [확인완료] 기아 스포티지 5세대 (2024년형) -> 신차가격표 준비중/미등록
[2026-09-29 18:25:51]   [확인완료] 기아 스포티지 5세대 (2023년형) -> 신차가격표 준비중/미등록
[2026-09-29 18:25:52]   [수집성공] 기아 스포티지 5세대 (2022년형) -> 등급 8개 | 옵션 0개 | 패키지 0개
[2026-09-29 18:25:53]   [수집성공] 기아 스포티지 5세대 (2021년형) -> 등급 8개 | 옵션 0개 | 패키지 0개
[2026-09-29 18:25:54] ▶ [기아] 스포티지 5세대 하이브리드 (연식 4개: 2024~2021)
[2026-09-29 18:25:54]   [수집성공] 기아 스포티지 5세대 하이브리드 (2024년형) -> 등급 12개 | 옵션 1개 | 패키지 1개
[2026-09-29 18:25:55]   [수집성공] 기아 스포티지 5세대 하이브리드 (2023년형) -> 등급 13개 | 옵션 1개 | 패키지 1개
[2026-09-29 18:25:56]   [수집성공] 기아 스포티지 5세대 하이브리드 (2022년형) -> 등급 11개 | 옵션 0개 | 패키지 0개
[2026-09-29 18:25:57]   [수집성공] 기아 스포티지 5세대 하이브리드 (2021년형) -> 등급 6개 | 옵션 0개 | 패키지 0개
[2026-09-29 18:25:58] ▶ [기아] 스포티지 더 볼드 (연식 4개: 2021~2018)
[2026-09-29 18:25:58]   [수집성공] 기아 스포티지 더 볼드 (2021년형) -> 등급 9개 | 옵션 0개 | 패키지 0개
[2026-09-29 18:25:59]   [수집성공] 기아 스포티지 더 볼드 (2020년형) -> 등급 9개 | 옵션 0개 | 패키지 0개
[2026-09-29 18:26:00]   [수집성공] 기아 스포티지 더 볼드 (2019년형) -> 등급 9개 | 옵션 0개 | 패키지 0개
[2026-09-29 18:26:01]   [수집성공] 기아 스포티지 더 볼드 (2018년형) -> 등급 8개 | 옵션 0개 | 패키지 0개
[2026-09-29 18:26:02] ▶ [기아] 스포티지 4세대 (연식 4개: 2018~2015)
[2026-09-29 18:26:02]   [수집성공] 기아 스포티지 4세대 (2018년형) -> 등급 14개 | 옵션 0개 | 패키지 0개
[2026-09-29 18:26:04]   [수집성공] 기아 스포티지 4세대 (2017년형) -> 등급 10개 | 옵션 2개 | 패키지 2개
[2026-09-29 18:26:04]   [수집성공] 기아 스포티지 4세대 (2016년형) -> 등급 10개 | 옵션 1개 | 패키지 1개
[2026-09-29 18:26:05]   [수집성공] 기아 스포티지 4세대 (2015년형) -> 등급 8개 | 옵션 1개 | 패키지 1개
[2026-09-29 18:26:06] ▶ [기아] 더 뉴 스포티지 R (연식 3개: 2015~2013)
[2026-09-29 18:26:06]   [수집성공] 기아 더 뉴 스포티지 R (2015년형) -> 등급 11개 | 옵션 0개 | 패키지 0개
[2026-09-29 18:26:07]   [수집성공] 기아 더 뉴 스포티지 R (2014년형) -> 등급 11개 | 옵션 0개 | 패키지 0개
[2026-09-29 18:26:08]   [수집성공] 기아 더 뉴 스포티지 R (2013년형) -> 등급 10개 | 옵션 0개 | 패키지 0개
[2026-09-29 18:26:09] ▶ [기아] 스포티지 R (연식 1개: 2013~2013)
[2026-09-29 18:26:09]   [수집성공] 기아 스포티지 R (2013년형) -> 등급 11개 | 옵션 1개 | 패키지 1개
[2026-09-29 18:26:10] ▶ [기아] 더 뉴 쏘렌토 4세대 (연식 4개: 2026~2023)
[2026-09-29 18:26:10]   [확인완료] 기아 더 뉴 쏘렌토 4세대 (2026년형) -> 신차가격표 준비중/미등록
[2026-09-29 18:26:11]   [수집성공] 기아 더 뉴 쏘렌토 4세대 (2025년형) -> 등급 11개 | 옵션 0개 | 패키지 0개
[2026-09-29 18:26:12]   [수집성공] 기아 더 뉴 쏘렌토 4세대 (2024년형) -> 등급 11개 | 옵션 0개 | 패키지 0개
[2026-09-29 18:26:13]   [수집성공] 기아 더 뉴 쏘렌토 4세대 (2023년형) -> 등급 11개 | 옵션 0개 | 패키지 0개
[2026-09-29 18:26:14] ▶ [기아] 쏘렌토 4세대 (연식 4개: 2023~2020)
[2026-09-29 18:26:15]   [수집성공] 기아 쏘렌토 4세대 (2023년형) -> 등급 12개 | 옵션 0개 | 패키지 0개
[2026-09-29 18:26:16]   [수집성공] 기아 쏘렌토 4세대 (2022년형) -> 등급 12개 | 옵션 0개 | 패키지 0개
[2026-09-29 18:26:17]   [수집성공] 기아 쏘렌토 4세대 (2021년형) -> 등급 12개 | 옵션 1개 | 패키지 1개
[2026-09-29 18:26:18]   [수집성공] 기아 쏘렌토 4세대 (2020년형) -> 등급 7개 | 옵션 0개 | 패키지 0개
[2026-09-29 18:26:19] ▶ [기아] 더 뉴 쏘렌토 (연식 4개: 2020~2017)
[2026-09-29 18:26:19]   [수집성공] 기아 더 뉴 쏘렌토 (2020년형) -> 등급 10개 | 옵션 0개 | 패키지 0개
[2026-09-29 18:26:20]   [수집성공] 기아 더 뉴 쏘렌토 (2019년형) -> 등급 10개 | 옵션 0개 | 패키지 0개
[2026-09-29 18:26:21]   [수집성공] 기아 더 뉴 쏘렌토 (2018년형) -> 등급 10개 | 옵션 1개 | 패키지 1개
[2026-09-29 18:26:23]   [수집성공] 기아 더 뉴 쏘렌토 (2017년형) -> 등급 10개 | 옵션 2개 | 패키지 2개
[2026-09-29 18:26:24] ▶ [기아] 올 뉴 쏘렌토 (연식 4개: 2017~2014)
[2026-09-29 18:26:24]   [수집성공] 기아 올 뉴 쏘렌토 (2017년형) -> 등급 6개 | 옵션 9개 | 패키지 0개
[2026-09-29 18:26:25]   [수집성공] 기아 올 뉴 쏘렌토 (2016년형) -> 등급 6개 | 옵션 9개 | 패키지 0개
[2026-09-29 18:26:26]   [수집성공] 기아 올 뉴 쏘렌토 (2015년형) -> 등급 6개 | 옵션 7개 | 패키지 0개
[2026-09-29 18:26:27]   [수집성공] 기아 올 뉴 쏘렌토 (2014년형) -> 등급 8개 | 옵션 8개 | 패키지 1개
[2026-09-29 18:26:28] ▶ [기아] 뉴 쏘렌토 R (연식 2개: 2014~2013)
[2026-09-29 18:26:28]   [수집성공] 기아 뉴 쏘렌토 R (2014년형) -> 등급 6개 | 옵션 8개 | 패키지 0개
[2026-09-29 18:26:29]   [수집성공] 기아 뉴 쏘렌토 R (2013년형) -> 등급 7개 | 옵션 10개 | 패키지 0개
[2026-09-29 18:26:31] ▶ [기아] 쏘울 부스터 EV (연식 3개: 2021~2019)
[2026-09-29 18:26:31]   [수집성공] 기아 쏘울 부스터 EV (2021년형) -> 등급 3개 | 옵션 0개 | 패키지 0개
[2026-09-29 18:26:32]   [수집성공] 기아 쏘울 부스터 EV (2020년형) -> 등급 3개 | 옵션 0개 | 패키지 0개
[2026-09-29 18:26:33]   [수집성공] 기아 쏘울 부스터 EV (2019년형) -> 등급 3개 | 옵션 0개 | 패키지 0개
[2026-09-29 18:26:34] ▶ [기아] 쏘울 부스터 (연식 3개: 2021~2019)
[2026-09-29 18:26:34]   [수집성공] 기아 쏘울 부스터 (2021년형) -> 등급 4개 | 옵션 0개 | 패키지 0개
[2026-09-29 18:26:35]   [수집성공] 기아 쏘울 부스터 (2020년형) -> 등급 4개 | 옵션 0개 | 패키지 0개
[2026-09-29 18:26:36]   [수집성공] 기아 쏘울 부스터 (2019년형) -> 등급 4개 | 옵션 0개 | 패키지 0개
[2026-09-29 18:26:36] ▶ [기아] 더 뉴 쏘울 (연식 4개: 2019~2016)
[2026-09-29 18:26:36]   [수집성공] 기아 더 뉴 쏘울 (2019년형) -> 등급 3개 | 옵션 3개 | 패키지 2개
[2026-09-29 18:26:37]   [수집성공] 기아 더 뉴 쏘울 (2018년형) -> 등급 5개 | 옵션 9개 | 패키지 2개
[2026-09-29 18:26:38]   [수집성공] 기아 더 뉴 쏘울 (2017년형) -> 등급 5개 | 옵션 10개 | 패키지 2개
[2026-09-29 18:26:39]   [수집성공] 기아 더 뉴 쏘울 (2016년형) -> 등급 5개 | 옵션 10개 | 패키지 2개
[2026-09-29 18:26:40] ▶ [기아] 쏘울 EV (연식 5개: 2018~2014)
[2026-09-29 18:26:40]   [수집성공] 기아 쏘울 EV (2018년형) -> 등급 2개 | 옵션 0개 | 패키지 0개
[2026-09-29 18:26:41]   [수집성공] 기아 쏘울 EV (2017년형) -> 등급 3개 | 옵션 0개 | 패키지 0개
[2026-09-29 18:26:42]   [수집성공] 기아 쏘울 EV (2016년형) -> 등급 2개 | 옵션 0개 | 패키지 0개
[2026-09-29 18:26:43]   [수집성공] 기아 쏘울 EV (2015년형) -> 등급 2개 | 옵션 0개 | 패키지 0개
[2026-09-29 18:26:44]   [수집성공] 기아 쏘울 EV (2014년형) -> 등급 2개 | 옵션 1개 | 패키지 0개
[2026-09-29 18:26:45] ▶ [기아] 올 뉴 쏘울 (연식 4개: 2016~2013)
[2026-09-29 18:26:45]   [수집성공] 기아 올 뉴 쏘울 (2016년형) -> 등급 9개 | 옵션 4개 | 패키지 0개
[2026-09-29 18:26:46]   [수집성공] 기아 올 뉴 쏘울 (2015년형) -> 등급 9개 | 옵션 4개 | 패키지 0개
[2026-09-29 18:26:47]   [수집성공] 기아 올 뉴 쏘울 (2014년형) -> 등급 8개 | 옵션 10개 | 패키지 0개
[2026-09-29 18:26:48]   [수집성공] 기아 올 뉴 쏘울 (2013년형) -> 등급 10개 | 옵션 14개 | 패키지 0개
[2026-09-29 18:26:49] ▶ [기아] 쏘울 (연식 1개: 2013~2013)
[2026-09-29 18:26:49]   [수집성공] 기아 쏘울 (2013년형) -> 등급 7개 | 옵션 0개 | 패키지 0개
[2026-09-29 18:26:50] ▶ [기아] 더 뉴 카니발 4세대 (연식 4개: 2026~2023)
[2026-09-29 18:26:50]   [확인완료] 기아 더 뉴 카니발 4세대 (2026년형) -> 신차가격표 준비중/미등록
[2026-09-29 18:26:52]   [확인완료] 기아 더 뉴 카니발 4세대 (2025년형) -> 신차가격표 준비중/미등록
[2026-09-29 18:26:53]   [수집성공] 기아 더 뉴 카니발 4세대 (2024년형) -> 등급 30개 | 옵션 1개 | 패키지 1개
[2026-09-29 18:26:54]   [수집성공] 기아 더 뉴 카니발 4세대 (2023년형) -> 등급 30개 | 옵션 3개 | 패키지 3개
[2026-09-29 18:26:55] ▶ [기아] 카니발 4세대 (연식 4개: 2023~2020)
[2026-09-29 18:26:55]   [수집성공] 기아 카니발 4세대 (2023년형) -> 등급 22개 | 옵션 2개 | 패키지 2개
[2026-09-29 18:26:56]   [수집성공] 기아 카니발 4세대 (2022년형) -> 등급 24개 | 옵션 2개 | 패키지 2개
[2026-09-29 18:26:58]   [수집성공] 기아 카니발 4세대 (2021년형) -> 등급 19개 | 옵션 1개 | 패키지 1개
[2026-09-29 18:26:59]   [수집성공] 기아 카니발 4세대 (2020년형) -> 등급 17개 | 옵션 2개 | 패키지 2개
[2026-09-29 18:27:00] ▶ [기아] 더 뉴 카니발 (연식 3개: 2020~2018)
[2026-09-29 18:27:00]   [수집성공] 기아 더 뉴 카니발 (2020년형) -> 등급 21개 | 옵션 0개 | 패키지 0개
[2026-09-29 18:27:02]   [수집성공] 기아 더 뉴 카니발 (2019년형) -> 등급 20개 | 옵션 0개 | 패키지 0개
[2026-09-29 18:27:03]   [수집성공] 기아 더 뉴 카니발 (2018년형) -> 등급 11개 | 옵션 0개 | 패키지 0개
[2026-09-29 18:27:04] ▶ [기아] 올 뉴 카니발 (연식 5개: 2018~2014)
[2026-09-29 18:27:04]   [수집성공] 기아 올 뉴 카니발 (2018년형) -> 등급 23개 | 옵션 0개 | 패키지 0개
[2026-09-29 18:27:05]   [수집성공] 기아 올 뉴 카니발 (2017년형) -> 등급 11개 | 옵션 0개 | 패키지 0개
[2026-09-29 18:27:07]   [수집성공] 기아 올 뉴 카니발 (2016년형) -> 등급 20개 | 옵션 1개 | 패키지 1개
[2026-09-29 18:27:08]   [수집성공] 기아 올 뉴 카니발 (2015년형) -> 등급 13개 | 옵션 0개 | 패키지 0개
[2026-09-29 18:27:09]   [수집성공] 기아 올 뉴 카니발 (2014년형) -> 등급 13개 | 옵션 4개 | 패키지 0개
[2026-09-29 18:27:10] ▶ [기아] 카니발 R (연식 2개: 2014~2013)
[2026-09-29 18:27:10]   [수집성공] 기아 카니발 R (2014년형) -> 등급 9개 | 옵션 6개 | 패키지 0개
[2026-09-29 18:27:11]   [수집성공] 기아 카니발 R (2013년형) -> 등급 17개 | 옵션 3개 | 패키지 0개
[2026-09-29 18:27:13] ▶ [기아] 더 뉴 카렌스 (연식 3개: 2018~2016)
[2026-09-29 18:27:13]   [수집성공] 기아 더 뉴 카렌스 (2018년형) -> 등급 5개 | 옵션 1개 | 패키지 1개
[2026-09-29 18:27:14]   [수집성공] 기아 더 뉴 카렌스 (2017년형) -> 등급 4개 | 옵션 1개 | 패키지 1개
[2026-09-29 18:27:15]   [수집성공] 기아 더 뉴 카렌스 (2016년형) -> 등급 4개 | 옵션 1개 | 패키지 1개
[2026-09-29 18:27:15] ▶ [기아] 올 뉴 카렌스 (연식 4개: 2016~2013)
[2026-09-29 18:27:15]   [수집성공] 기아 올 뉴 카렌스 (2016년형) -> 등급 8개 | 옵션 0개 | 패키지 0개
[2026-09-29 18:27:17]   [수집성공] 기아 올 뉴 카렌스 (2015년형) -> 등급 8개 | 옵션 0개 | 패키지 0개
[2026-09-29 18:27:17]   [수집성공] 기아 올 뉴 카렌스 (2014년형) -> 등급 9개 | 옵션 1개 | 패키지 1개
[2026-09-29 18:27:19]   [수집성공] 기아 올 뉴 카렌스 (2013년형) -> 등급 10개 | 옵션 1개 | 패키지 1개
[2026-09-29 18:27:19] ▶ [기아] 뉴카렌스 (연식 1개: 2013~2013)
[2026-09-29 18:27:20]   [수집성공] 기아 뉴카렌스 (2013년형) -> 등급 5개 | 옵션 0개 | 패키지 0개
[2026-09-29 18:27:21] ▶ [기아] 타스만 오픈베드 (연식 1개: 2026~2026)
[2026-09-29 18:27:21]   [확인완료] 기아 타스만 오픈베드 (2026년형) -> 신차가격표 준비중/미등록
[2026-09-29 18:27:22] ▶ [기아] 타스만 (연식 2개: 2026~2025)
[2026-09-29 18:27:23]   [확인완료] 기아 타스만 (2026년형) -> 신차가격표 준비중/미등록
[2026-09-29 18:27:24]   [확인완료] 기아 타스만 (2025년형) -> 신차가격표 준비중/미등록
[2026-09-29 18:27:25] ▶ [기아] 포르테 해치백 (연식 1개: 2013~2013)
[2026-09-29 18:27:25]   [수집성공] 기아 포르테 해치백 (2013년형) -> 등급 4개 | 옵션 4개 | 패키지 0개
[2026-09-29 18:27:25] ▶ [기아] 포르테 쿱 (연식 1개: 2013~2013)
[2026-09-29 18:27:26]   [수집성공] 기아 포르테 쿱 (2013년형) -> 등급 4개 | 옵션 2개 | 패키지 0개
[2026-09-29 18:27:27] ▶ [기아] 포르테 (연식 1개: 2013~2013)
[2026-09-29 18:27:27]   [수집성공] 기아 포르테 (2013년형) -> 등급 2개 | 옵션 2개 | 패키지 0개
[2026-09-29 18:27:27] ▶ [기아] 더 뉴 프라이드 (연식 4개: 2017~2014)
[2026-09-29 18:27:28]   [수집성공] 기아 더 뉴 프라이드 (2017년형) -> 등급 9개 | 옵션 0개 | 패키지 0개
[2026-09-29 18:27:29]   [수집성공] 기아 더 뉴 프라이드 (2016년형) -> 등급 9개 | 옵션 0개 | 패키지 0개
[2026-09-29 18:27:30]   [수집성공] 기아 더 뉴 프라이드 (2015년형) -> 등급 9개 | 옵션 0개 | 패키지 0개
[2026-09-29 18:27:31]   [수집성공] 기아 더 뉴 프라이드 (2014년형) -> 등급 9개 | 옵션 0개 | 패키지 0개
[2026-09-29 18:27:32] ▶ [기아] 올 뉴 프라이드 (연식 2개: 2014~2013)
[2026-09-29 18:27:32]   [수집성공] 기아 올 뉴 프라이드 (2014년형) -> 등급 10개 | 옵션 1개 | 패키지 0개
[2026-09-29 18:27:34]   [수집성공] 기아 올 뉴 프라이드 (2013년형) -> 등급 10개 | 옵션 0개 | 패키지 0개
[2026-09-29 18:27:35] 
==========================================
[2026-09-29 18:27:35] 🏢 [쉐보레(GM대우)] 모델 목록 탐색 시작...
[2026-09-29 18:27:35] ==========================================
[2026-09-29 18:27:35] ▶ [쉐보레(GM대우)] 뉴 다마스 (연식 9개: 2021~2013)
[2026-09-29 18:27:35]   [수집성공] 쉐보레(GM대우) 뉴 다마스 (2021년형) -> 등급 3개 | 옵션 2개 | 패키지 2개
[2026-09-29 18:27:36]   [수집성공] 쉐보레(GM대우) 뉴 다마스 (2020년형) -> 등급 3개 | 옵션 2개 | 패키지 2개
[2026-09-29 18:27:37]   [수집성공] 쉐보레(GM대우) 뉴 다마스 (2019년형) -> 등급 3개 | 옵션 2개 | 패키지 2개
[2026-09-29 18:27:38]   [수집성공] 쉐보레(GM대우) 뉴 다마스 (2018년형) -> 등급 3개 | 옵션 2개 | 패키지 2개
[2026-09-29 18:27:39]   [수집성공] 쉐보레(GM대우) 뉴 다마스 (2017년형) -> 등급 3개 | 옵션 1개 | 패키지 0개
[2026-09-29 18:27:40]   [수집성공] 쉐보레(GM대우) 뉴 다마스 (2016년형) -> 등급 3개 | 옵션 1개 | 패키지 0개
[2026-09-29 18:27:41]   [수집성공] 쉐보레(GM대우) 뉴 다마스 (2015년형) -> 등급 3개 | 옵션 1개 | 패키지 0개
[2026-09-29 18:27:42]   [수집성공] 쉐보레(GM대우) 뉴 다마스 (2014년형) -> 등급 3개 | 옵션 1개 | 패키지 0개
[2026-09-29 18:27:42]   [수집성공] 쉐보레(GM대우) 뉴 다마스 (2013년형) -> 등급 3개 | 옵션 0개 | 패키지 0개
[2026-09-29 18:27:43] ▶ [쉐보레(GM대우)] 뉴 라보 (연식 9개: 2021~2013)
[2026-09-29 18:27:43]   [수집성공] 쉐보레(GM대우) 뉴 라보 (2021년형) -> 등급 7개 | 옵션 3개 | 패키지 3개
[2026-09-29 18:27:45]   [수집성공] 쉐보레(GM대우) 뉴 라보 (2020년형) -> 등급 7개 | 옵션 3개 | 패키지 3개
[2026-09-29 18:27:46]   [수집성공] 쉐보레(GM대우) 뉴 라보 (2019년형) -> 등급 7개 | 옵션 3개 | 패키지 3개
[2026-09-29 18:27:47]   [수집성공] 쉐보레(GM대우) 뉴 라보 (2018년형) -> 등급 7개 | 옵션 4개 | 패키지 4개
[2026-09-29 18:27:47]   [수집성공] 쉐보레(GM대우) 뉴 라보 (2017년형) -> 등급 7개 | 옵션 0개 | 패키지 0개
[2026-09-29 18:27:49]   [수집성공] 쉐보레(GM대우) 뉴 라보 (2016년형) -> 등급 7개 | 옵션 0개 | 패키지 0개
[2026-09-29 18:27:49]   [수집성공] 쉐보레(GM대우) 뉴 라보 (2015년형) -> 등급 7개 | 옵션 1개 | 패키지 0개
[2026-09-29 18:27:51]   [수집성공] 쉐보레(GM대우) 뉴 라보 (2014년형) -> 등급 7개 | 옵션 1개 | 패키지 0개
[2026-09-29 18:27:52]   [수집성공] 쉐보레(GM대우) 뉴 라보 (2013년형) -> 등급 7개 | 옵션 0개 | 패키지 0개
[2026-09-29 18:27:53] ▶ [쉐보레(GM대우)] 더 뉴 말리부 (연식 6개: 2023~2018)
[2026-09-29 18:27:53]   [수집성공] 쉐보레(GM대우) 더 뉴 말리부 (2023년형) -> 등급 7개 | 옵션 8개 | 패키지 8개
[2026-09-29 18:27:54]   [수집성공] 쉐보레(GM대우) 더 뉴 말리부 (2022년형) -> 등급 7개 | 옵션 8개 | 패키지 8개
[2026-09-29 18:27:56]   [수집성공] 쉐보레(GM대우) 더 뉴 말리부 (2021년형) -> 등급 9개 | 옵션 8개 | 패키지 8개
[2026-09-29 18:27:56]   [수집성공] 쉐보레(GM대우) 더 뉴 말리부 (2020년형) -> 등급 11개 | 옵션 12개 | 패키지 12개
[2026-09-29 18:27:57]   [수집성공] 쉐보레(GM대우) 더 뉴 말리부 (2019년형) -> 등급 11개 | 옵션 11개 | 패키지 11개
[2026-09-29 18:27:58]   [수집성공] 쉐보레(GM대우) 더 뉴 말리부 (2018년형) -> 등급 11개 | 옵션 12개 | 패키지 12개
[2026-09-29 18:27:59] ▶ [쉐보레(GM대우)] 올 뉴 말리부 (연식 3개: 2018~2016)
[2026-09-29 18:27:59]   [수집성공] 쉐보레(GM대우) 올 뉴 말리부 (2018년형) -> 등급 10개 | 옵션 12개 | 패키지 12개
[2026-09-29 18:28:00]   [수집성공] 쉐보레(GM대우) 올 뉴 말리부 (2017년형) -> 등급 10개 | 옵션 13개 | 패키지 13개
[2026-09-29 18:28:01]   [수집성공] 쉐보레(GM대우) 올 뉴 말리부 (2016년형) -> 등급 8개 | 옵션 9개 | 패키지 4개
[2026-09-29 18:28:02] ▶ [쉐보레(GM대우)] 말리부 (연식 4개: 2016~2013)
[2026-09-29 18:28:02]   [수집성공] 쉐보레(GM대우) 말리부 (2016년형) -> 등급 10개 | 옵션 14개 | 패키지 14개
[2026-09-29 18:28:03]   [수집성공] 쉐보레(GM대우) 말리부 (2015년형) -> 등급 13개 | 옵션 10개 | 패키지 10개
[2026-09-29 18:28:04]   [수집성공] 쉐보레(GM대우) 말리부 (2014년형) -> 등급 10개 | 옵션 10개 | 패키지 10개
[2026-09-29 18:28:05]   [수집성공] 쉐보레(GM대우) 말리부 (2013년형) -> 등급 9개 | 옵션 9개 | 패키지 9개
[2026-09-29 18:28:06] ▶ [쉐보레(GM대우)] 뉴 볼트 EV (연식 4개: 2024~2021)
[2026-09-29 18:28:06]   [확인완료] 쉐보레(GM대우) 뉴 볼트 EV (2024년형) -> 신차가격표 준비중/미등록
[2026-09-29 18:28:07]   [수집성공] 쉐보레(GM대우) 뉴 볼트 EV (2023년형) -> 등급 2개 | 옵션 3개 | 패키지 3개
[2026-09-29 18:28:08]   [수집성공] 쉐보레(GM대우) 뉴 볼트 EV (2022년형) -> 등급 2개 | 옵션 3개 | 패키지 3개
[2026-09-29 18:28:09]   [수집성공] 쉐보레(GM대우) 뉴 볼트 EV (2021년형) -> 등급 2개 | 옵션 3개 | 패키지 3개
[2026-09-29 18:28:10] ▶ [쉐보레(GM대우)] 볼트 EV (연식 5개: 2021~2017)
[2026-09-29 18:28:10]   [수집성공] 쉐보레(GM대우) 볼트 EV (2021년형) -> 등급 4개 | 옵션 3개 | 패키지 3개
[2026-09-29 18:28:11]   [수집성공] 쉐보레(GM대우) 볼트 EV (2020년형) -> 등급 4개 | 옵션 3개 | 패키지 3개
[2026-09-29 18:28:12]   [수집성공] 쉐보레(GM대우) 볼트 EV (2019년형) -> 등급 4개 | 옵션 3개 | 패키지 3개
[2026-09-29 18:28:13]   [수집성공] 쉐보레(GM대우) 볼트 EV (2018년형) -> 등급 4개 | 옵션 3개 | 패키지 3개
[2026-09-29 18:28:14]   [수집성공] 쉐보레(GM대우) 볼트 EV (2017년형) -> 등급 2개 | 옵션 0개 | 패키지 0개
[2026-09-29 18:28:15] ▶ [쉐보레(GM대우)] 볼트 EUV (연식 4개: 2024~2021)
[2026-09-29 18:28:15]   [확인완료] 쉐보레(GM대우) 볼트 EUV (2024년형) -> 신차가격표 준비중/미등록
[2026-09-29 18:28:16]   [수집성공] 쉐보레(GM대우) 볼트 EUV (2023년형) -> 등급 3개 | 옵션 3개 | 패키지 3개
[2026-09-29 18:28:17]   [수집성공] 쉐보레(GM대우) 볼트 EUV (2022년형) -> 등급 3개 | 옵션 4개 | 패키지 4개
[2026-09-29 18:28:18]   [수집성공] 쉐보레(GM대우) 볼트 EUV (2021년형) -> 등급 2개 | 옵션 3개 | 패키지 3개
[2026-09-29 18:28:19] ▶ [쉐보레(GM대우)] 볼트(Volt) (연식 3개: 2019~2017)
[2026-09-29 18:28:19]   [수집성공] 쉐보레(GM대우) 볼트(Volt) (2019년형) -> 등급 2개 | 옵션 3개 | 패키지 3개
[2026-09-29 18:28:20]   [수집성공] 쉐보레(GM대우) 볼트(Volt) (2018년형) -> 등급 2개 | 옵션 3개 | 패키지 3개
[2026-09-29 18:28:21]   [수집성공] 쉐보레(GM대우) 볼트(Volt) (2017년형) -> 등급 2개 | 옵션 1개 | 패키지 0개
[2026-09-29 18:28:22] ▶ [쉐보레(GM대우)] 더 뉴 스파크 (연식 6개: 2023~2018)
[2026-09-29 18:28:22]   [수집성공] 쉐보레(GM대우) 더 뉴 스파크 (2023년형) -> 등급 7개 | 옵션 34개 | 패키지 34개
[2026-09-29 18:28:23]   [수집성공] 쉐보레(GM대우) 더 뉴 스파크 (2022년형) -> 등급 7개 | 옵션 33개 | 패키지 33개
[2026-09-29 18:28:24]   [수집성공] 쉐보레(GM대우) 더 뉴 스파크 (2021년형) -> 등급 7개 | 옵션 33개 | 패키지 33개
[2026-09-29 18:28:25]   [수집성공] 쉐보레(GM대우) 더 뉴 스파크 (2020년형) -> 등급 7개 | 옵션 33개 | 패키지 33개
[2026-09-29 18:28:26]   [수집성공] 쉐보레(GM대우) 더 뉴 스파크 (2019년형) -> 등급 6개 | 옵션 20개 | 패키지 20개
[2026-09-29 18:28:28]   [수집성공] 쉐보레(GM대우) 더 뉴 스파크 (2018년형) -> 등급 5개 | 옵션 17개 | 패키지 17개
[2026-09-29 18:28:29] ▶ [쉐보레(GM대우)] 더 넥스트 스파크 (연식 4개: 2018~2015)
[2026-09-29 18:28:29]   [수집성공] 쉐보레(GM대우) 더 넥스트 스파크 (2018년형) -> 등급 10개 | 옵션 12개 | 패키지 12개
[2026-09-29 18:28:30]   [수집성공] 쉐보레(GM대우) 더 넥스트 스파크 (2017년형) -> 등급 10개 | 옵션 4개 | 패키지 1개
[2026-09-29 18:28:31]   [수집성공] 쉐보레(GM대우) 더 넥스트 스파크 (2016년형) -> 등급 9개 | 옵션 4개 | 패키지 1개
[2026-09-29 18:28:32]   [수집성공] 쉐보레(GM대우) 더 넥스트 스파크 (2015년형) -> 등급 7개 | 옵션 4개 | 패키지 4개
[2026-09-29 18:28:33] ▶ [쉐보레(GM대우)] 스파크 EV (연식 4개: 2016~2013)
[2026-09-29 18:28:33]   [수집성공] 쉐보레(GM대우) 스파크 EV (2016년형) -> 등급 2개 | 옵션 2개 | 패키지 2개
[2026-09-29 18:28:34]   [수집성공] 쉐보레(GM대우) 스파크 EV (2015년형) -> 등급 2개 | 옵션 0개 | 패키지 0개
[2026-09-29 18:28:35]   [수집성공] 쉐보레(GM대우) 스파크 EV (2014년형) -> 등급 2개 | 옵션 0개 | 패키지 0개
[2026-09-29 18:28:36]   [수집성공] 쉐보레(GM대우) 스파크 EV (2013년형) -> 등급 2개 | 옵션 0개 | 패키지 0개
[2026-09-29 18:28:37] ▶ [쉐보레(GM대우)] 스파크 (연식 3개: 2015~2013)
[2026-09-29 18:28:37]   [수집성공] 쉐보레(GM대우) 스파크 (2015년형) -> 등급 8개 | 옵션 9개 | 패키지 9개
[2026-09-29 18:28:38]   [수집성공] 쉐보레(GM대우) 스파크 (2014년형) -> 등급 12개 | 옵션 20개 | 패키지 15개
[2026-09-29 18:28:39]   [수집성공] 쉐보레(GM대우) 스파크 (2013년형) -> 등급 10개 | 옵션 8개 | 패키지 3개
[2026-09-29 18:28:40] ▶ [쉐보레(GM대우)] 더 뉴 아베오 세단 (연식 4개: 2019~2016)
[2026-09-29 18:28:41]   [수집성공] 쉐보레(GM대우) 더 뉴 아베오 세단 (2019년형) -> 등급 4개 | 옵션 7개 | 패키지 7개
[2026-09-29 18:28:42]   [수집성공] 쉐보레(GM대우) 더 뉴 아베오 세단 (2018년형) -> 등급 4개 | 옵션 7개 | 패키지 7개
[2026-09-29 18:28:43]   [수집성공] 쉐보레(GM대우) 더 뉴 아베오 세단 (2017년형) -> 등급 4개 | 옵션 4개 | 패키지 2개
[2026-09-29 18:28:44]   [수집성공] 쉐보레(GM대우) 더 뉴 아베오 세단 (2016년형) -> 등급 4개 | 옵션 4개 | 패키지 2개
[2026-09-29 18:28:45] ▶ [쉐보레(GM대우)] 더 뉴 아베오 해치백 (연식 4개: 2019~2016)
[2026-09-29 18:28:45]   [수집성공] 쉐보레(GM대우) 더 뉴 아베오 해치백 (2019년형) -> 등급 3개 | 옵션 8개 | 패키지 8개
[2026-09-29 18:28:46]   [수집성공] 쉐보레(GM대우) 더 뉴 아베오 해치백 (2018년형) -> 등급 3개 | 옵션 8개 | 패키지 8개
[2026-09-29 18:28:47]   [수집성공] 쉐보레(GM대우) 더 뉴 아베오 해치백 (2017년형) -> 등급 3개 | 옵션 5개 | 패키지 3개
[2026-09-29 18:28:48]   [수집성공] 쉐보레(GM대우) 더 뉴 아베오 해치백 (2016년형) -> 등급 3개 | 옵션 5개 | 패키지 3개
[2026-09-29 18:28:48] ▶ [쉐보레(GM대우)] 아베오 세단 (연식 4개: 2016~2013)
[2026-09-29 18:28:48]   [수집성공] 쉐보레(GM대우) 아베오 세단 (2016년형) -> 등급 6개 | 옵션 6개 | 패키지 0개
[2026-09-29 18:28:50]   [수집성공] 쉐보레(GM대우) 아베오 세단 (2015년형) -> 등급 5개 | 옵션 7개 | 패키지 3개
[2026-09-29 18:28:51]   [수집성공] 쉐보레(GM대우) 아베오 세단 (2014년형) -> 등급 4개 | 옵션 5개 | 패키지 0개
[2026-09-29 18:28:52]   [수집성공] 쉐보레(GM대우) 아베오 세단 (2013년형) -> 등급 4개 | 옵션 5개 | 패키지 0개
[2026-09-29 18:28:52] ▶ [쉐보레(GM대우)] 아베오 해치백 (연식 4개: 2016~2013)
[2026-09-29 18:28:52]   [수집성공] 쉐보레(GM대우) 아베오 해치백 (2016년형) -> 등급 4개 | 옵션 6개 | 패키지 1개
[2026-09-29 18:28:53]   [수집성공] 쉐보레(GM대우) 아베오 해치백 (2015년형) -> 등급 4개 | 옵션 9개 | 패키지 9개
[2026-09-29 18:28:54]   [수집성공] 쉐보레(GM대우) 아베오 해치백 (2014년형) -> 등급 4개 | 옵션 5개 | 패키지 1개
[2026-09-29 18:28:55]   [수집성공] 쉐보레(GM대우) 아베오 해치백 (2013년형) -> 등급 4개 | 옵션 5개 | 패키지 0개
[2026-09-29 18:28:56] ▶ [쉐보레(GM대우)] 알페온 (연식 3개: 2015~2013)
[2026-09-29 18:28:57]   [수집성공] 쉐보레(GM대우) 알페온 (2015년형) -> 등급 7개 | 옵션 0개 | 패키지 0개
[2026-09-29 18:28:58]   [수집성공] 쉐보레(GM대우) 알페온 (2014년형) -> 등급 7개 | 옵션 0개 | 패키지 0개
[2026-09-29 18:28:59]   [수집성공] 쉐보레(GM대우) 알페온 (2013년형) -> 등급 7개 | 옵션 0개 | 패키지 0개
[2026-09-29 18:29:00] ▶ [쉐보레(GM대우)] 올란도 (연식 6개: 2018~2013)
[2026-09-29 18:29:00]   [수집성공] 쉐보레(GM대우) 올란도 (2018년형) -> 등급 12개 | 옵션 7개 | 패키지 7개
[2026-09-29 18:29:01]   [수집성공] 쉐보레(GM대우) 올란도 (2017년형) -> 등급 12개 | 옵션 5개 | 패키지 1개
[2026-09-29 18:29:02]   [수집성공] 쉐보레(GM대우) 올란도 (2016년형) -> 등급 12개 | 옵션 4개 | 패키지 0개
[2026-09-29 18:29:02]   [수집성공] 쉐보레(GM대우) 올란도 (2015년형) -> 등급 12개 | 옵션 4개 | 패키지 1개
[2026-09-29 18:29:04]   [수집성공] 쉐보레(GM대우) 올란도 (2014년형) -> 등급 10개 | 옵션 5개 | 패키지 1개
[2026-09-29 18:29:04]   [수집성공] 쉐보레(GM대우) 올란도 (2013년형) -> 등급 9개 | 옵션 2개 | 패키지 0개
[2026-09-29 18:29:06] ▶ [쉐보레(GM대우)] 더 넥스트 이쿼녹스 (연식 3개: 2024~2022)
[2026-09-29 18:29:06]   [수집성공] 쉐보레(GM대우) 더 넥스트 이쿼녹스 (2024년형) -> 등급 8개 | 옵션 2개 | 패키지 2개
[2026-09-29 18:29:07]   [수집성공] 쉐보레(GM대우) 더 넥스트 이쿼녹스 (2023년형) -> 등급 8개 | 옵션 6개 | 패키지 6개
[2026-09-29 18:29:08]   [수집성공] 쉐보레(GM대우) 더 넥스트 이쿼녹스 (2022년형) -> 등급 8개 | 옵션 6개 | 패키지 6개
[2026-09-29 18:29:09] ▶ [쉐보레(GM대우)] 이쿼녹스 (연식 4개: 2021~2018)
[2026-09-29 18:29:09]   [수집성공] 쉐보레(GM대우) 이쿼녹스 (2021년형) -> 등급 9개 | 옵션 2개 | 패키지 2개
[2026-09-29 18:29:10]   [수집성공] 쉐보레(GM대우) 이쿼녹스 (2020년형) -> 등급 9개 | 옵션 1개 | 패키지 1개
[2026-09-29 18:29:11]   [수집성공] 쉐보레(GM대우) 이쿼녹스 (2019년형) -> 등급 9개 | 옵션 1개 | 패키지 1개
[2026-09-29 18:29:12]   [수집성공] 쉐보레(GM대우) 이쿼녹스 (2018년형) -> 등급 7개 | 옵션 1개 | 패키지 1개
[2026-09-29 18:29:13] ▶ [쉐보레(GM대우)] 임팔라 (연식 6개: 2020~2015)
[2026-09-29 18:29:14]   [확인완료] 쉐보레(GM대우) 임팔라 (2020년형) -> 신차가격표 준비중/미등록
[2026-09-29 18:29:14]   [수집성공] 쉐보레(GM대우) 임팔라 (2019년형) -> 등급 6개 | 옵션 3개 | 패키지 3개
[2026-09-29 18:29:15]   [수집성공] 쉐보레(GM대우) 임팔라 (2018년형) -> 등급 6개 | 옵션 3개 | 패키지 3개
[2026-09-29 18:29:16]   [수집성공] 쉐보레(GM대우) 임팔라 (2017년형) -> 등급 6개 | 옵션 3개 | 패키지 2개
[2026-09-29 18:29:17]   [수집성공] 쉐보레(GM대우) 임팔라 (2016년형) -> 등급 4개 | 옵션 2개 | 패키지 0개
[2026-09-29 18:29:18]   [수집성공] 쉐보레(GM대우) 임팔라 (2015년형) -> 등급 4개 | 옵션 2개 | 패키지 0개
[2026-09-29 18:29:19] ▶ [쉐보레(GM대우)] 더 뉴 카마로 (연식 5개: 2022~2018)
[2026-09-29 18:29:19]   [확인완료] 쉐보레(GM대우) 더 뉴 카마로 (2022년형) -> 신차가격표 준비중/미등록
[2026-09-29 18:29:20]   [확인완료] 쉐보레(GM대우) 더 뉴 카마로 (2021년형) -> 신차가격표 준비중/미등록
[2026-09-29 18:29:21]   [수집성공] 쉐보레(GM대우) 더 뉴 카마로 (2020년형) -> 등급 3개 | 옵션 1개 | 패키지 1개
[2026-09-29 18:29:22]   [수집성공] 쉐보레(GM대우) 더 뉴 카마로 (2019년형) -> 등급 3개 | 옵션 1개 | 패키지 1개
[2026-09-29 18:29:23]   [수집성공] 쉐보레(GM대우) 더 뉴 카마로 (2018년형) -> 등급 3개 | 옵션 1개 | 패키지 1개
[2026-09-29 18:29:24] ▶ [쉐보레(GM대우)] 올 뉴 카마로 (연식 3개: 2018~2016)
[2026-09-29 18:29:24]   [수집성공] 쉐보레(GM대우) 올 뉴 카마로 (2018년형) -> 등급 3개 | 옵션 1개 | 패키지 1개
[2026-09-29 18:29:25]   [수집성공] 쉐보레(GM대우) 올 뉴 카마로 (2017년형) -> 등급 3개 | 옵션 2개 | 패키지 2개
[2026-09-29 18:29:26]   [수집성공] 쉐보레(GM대우) 올 뉴 카마로 (2016년형) -> 등급 2개 | 옵션 2개 | 패키지 2개
[2026-09-29 18:29:27] ▶ [쉐보레(GM대우)] 카마로 (연식 4개: 2016~2013)
[2026-09-29 18:29:27]   [수집성공] 쉐보레(GM대우) 카마로 (2016년형) -> 등급 2개 | 옵션 3개 | 패키지 3개
[2026-09-29 18:29:28]   [수집성공] 쉐보레(GM대우) 카마로 (2015년형) -> 등급 2개 | 옵션 2개 | 패키지 2개
[2026-09-29 18:29:29]   [수집성공] 쉐보레(GM대우) 카마로 (2014년형) -> 등급 2개 | 옵션 2개 | 패키지 2개
[2026-09-29 18:29:30]   [수집성공] 쉐보레(GM대우) 카마로 (2013년형) -> 등급 2개 | 옵션 2개 | 패키지 2개
[2026-09-29 18:29:31] ▶ [쉐보레(GM대우)] 캡티바 (연식 6개: 2018~2013)
[2026-09-29 18:29:31]   [수집성공] 쉐보레(GM대우) 캡티바 (2018년형) -> 등급 7개 | 옵션 4개 | 패키지 4개
[2026-09-29 18:29:32]   [수집성공] 쉐보레(GM대우) 캡티바 (2017년형) -> 등급 7개 | 옵션 3개 | 패키지 0개
[2026-09-29 18:29:33]   [수집성공] 쉐보레(GM대우) 캡티바 (2016년형) -> 등급 7개 | 옵션 0개 | 패키지 0개
[2026-09-29 18:29:34]   [수집성공] 쉐보레(GM대우) 캡티바 (2015년형) -> 등급 10개 | 옵션 5개 | 패키지 0개
[2026-09-29 18:29:35]   [수집성공] 쉐보레(GM대우) 캡티바 (2014년형) -> 등급 8개 | 옵션 0개 | 패키지 0개
[2026-09-29 18:29:36]   [수집성공] 쉐보레(GM대우) 캡티바 (2013년형) -> 등급 5개 | 옵션 0개 | 패키지 0개
[2026-09-29 18:29:37] ▶ [쉐보레(GM대우)] 올 뉴 콜로라도 (연식 3개: 2026~2024)
[2026-09-29 18:29:37]   [확인완료] 쉐보레(GM대우) 올 뉴 콜로라도 (2026년형) -> 신차가격표 준비중/미등록
[2026-09-29 18:29:38]   [수집성공] 쉐보레(GM대우) 올 뉴 콜로라도 (2025년형) -> 등급 2개 | 옵션 6개 | 패키지 6개
[2026-09-29 18:29:39]   [수집성공] 쉐보레(GM대우) 올 뉴 콜로라도 (2024년형) -> 등급 2개 | 옵션 5개 | 패키지 5개
[2026-09-29 18:29:41] ▶ [쉐보레(GM대우)] 리얼 뉴 콜로라도 (연식 2개: 2021~2020)
[2026-09-29 18:29:41]   [수집성공] 쉐보레(GM대우) 리얼 뉴 콜로라도 (2021년형) -> 등급 6개 | 옵션 6개 | 패키지 6개
[2026-09-29 18:29:42]   [수집성공] 쉐보레(GM대우) 리얼 뉴 콜로라도 (2020년형) -> 등급 6개 | 옵션 6개 | 패키지 6개
[2026-09-29 18:29:43] ▶ [쉐보레(GM대우)] 콜로라도 (연식 1개: 2019~2019)
[2026-09-29 18:29:43]   [수집성공] 쉐보레(GM대우) 콜로라도 (2019년형) -> 등급 4개 | 옵션 5개 | 패키지 5개
[2026-09-29 18:29:43] ▶ [쉐보레(GM대우)] 콜벳 (연식 1개: 2013~2013)
[2026-09-29 18:29:43]   [수집성공] 쉐보레(GM대우) 콜벳 (2013년형) -> 등급 2개 | 옵션 2개 | 패키지 0개
[2026-09-29 18:29:44] ▶ [쉐보레(GM대우)] 올 뉴 크루즈 (연식 2개: 2018~2017)
[2026-09-29 18:29:44]   [수집성공] 쉐보레(GM대우) 올 뉴 크루즈 (2018년형) -> 등급 6개 | 옵션 12개 | 패키지 12개
[2026-09-29 18:29:45]   [수집성공] 쉐보레(GM대우) 올 뉴 크루즈 (2017년형) -> 등급 4개 | 옵션 8개 | 패키지 6개
[2026-09-29 18:29:46] ▶ [쉐보레(GM대우)] 어메이징 뉴 크루즈 (연식 3개: 2017~2015)
[2026-09-29 18:29:46]   [수집성공] 쉐보레(GM대우) 어메이징 뉴 크루즈 (2017년형) -> 등급 11개 | 옵션 9개 | 패키지 0개
[2026-09-29 18:29:48]   [수집성공] 쉐보레(GM대우) 어메이징 뉴 크루즈 (2016년형) -> 등급 9개 | 옵션 5개 | 패키지 0개
[2026-09-29 18:29:49]   [수집성공] 쉐보레(GM대우) 어메이징 뉴 크루즈 (2015년형) -> 등급 9개 | 옵션 0개 | 패키지 0개
[2026-09-29 18:29:50] ▶ [쉐보레(GM대우)] 어메이징 뉴 크루즈5 (연식 3개: 2017~2015)
[2026-09-29 18:29:50]   [수집성공] 쉐보레(GM대우) 어메이징 뉴 크루즈5 (2017년형) -> 등급 3개 | 옵션 4개 | 패키지 1개
[2026-09-29 18:29:51]   [수집성공] 쉐보레(GM대우) 어메이징 뉴 크루즈5 (2016년형) -> 등급 3개 | 옵션 2개 | 패키지 0개
[2026-09-29 18:29:52]   [수집성공] 쉐보레(GM대우) 어메이징 뉴 크루즈5 (2015년형) -> 등급 3개 | 옵션 0개 | 패키지 0개
[2026-09-29 18:29:52] ▶ [쉐보레(GM대우)] 크루즈5 (연식 3개: 2015~2013)
[2026-09-29 18:29:53]   [수집성공] 쉐보레(GM대우) 크루즈5 (2015년형) -> 등급 7개 | 옵션 6개 | 패키지 4개
[2026-09-29 18:29:53]   [수집성공] 쉐보레(GM대우) 크루즈5 (2014년형) -> 등급 7개 | 옵션 4개 | 패키지 0개
[2026-09-29 18:29:54]   [수집성공] 쉐보레(GM대우) 크루즈5 (2013년형) -> 등급 7개 | 옵션 10개 | 패키지 3개
[2026-09-29 18:29:55] ▶ [쉐보레(GM대우)] 크루즈 (연식 3개: 2015~2013)
[2026-09-29 18:29:55]   [수집성공] 쉐보레(GM대우) 크루즈 (2015년형) -> 등급 12개 | 옵션 6개 | 패키지 0개
[2026-09-29 18:29:56]   [수집성공] 쉐보레(GM대우) 크루즈 (2014년형) -> 등급 12개 | 옵션 6개 | 패키지 0개
[2026-09-29 18:29:57]   [수집성공] 쉐보레(GM대우) 크루즈 (2013년형) -> 등급 7개 | 옵션 11개 | 패키지 11개
[2026-09-29 18:29:58] ▶ [쉐보레(GM대우)] 트래버스 (연식 7개: 2025~2019)
[2026-09-29 18:29:58]   [수집성공] 쉐보레(GM대우) 트래버스 (2025년형) -> 등급 6개 | 옵션 3개 | 패키지 3개
[2026-09-29 18:29:59]   [수집성공] 쉐보레(GM대우) 트래버스 (2024년형) -> 등급 6개 | 옵션 4개 | 패키지 4개
[2026-09-29 18:30:00]   [수집성공] 쉐보레(GM대우) 트래버스 (2023년형) -> 등급 6개 | 옵션 4개 | 패키지 4개
[2026-09-29 18:30:01]   [수집성공] 쉐보레(GM대우) 트래버스 (2022년형) -> 등급 6개 | 옵션 3개 | 패키지 3개
[2026-09-29 18:30:02]   [수집성공] 쉐보레(GM대우) 트래버스 (2021년형) -> 등급 6개 | 옵션 4개 | 패키지 4개
[2026-09-29 18:30:03]   [수집성공] 쉐보레(GM대우) 트래버스 (2020년형) -> 등급 6개 | 옵션 3개 | 패키지 3개
[2026-09-29 18:30:04]   [수집성공] 쉐보레(GM대우) 트래버스 (2019년형) -> 등급 6개 | 옵션 4개 | 패키지 4개
[2026-09-29 18:30:05] ▶ [쉐보레(GM대우)] 트랙스 크로스오버 (연식 4개: 2026~2023)
[2026-09-29 18:30:05]   [확인완료] 쉐보레(GM대우) 트랙스 크로스오버 (2026년형) -> 신차가격표 준비중/미등록
[2026-09-29 18:30:06]   [수집성공] 쉐보레(GM대우) 트랙스 크로스오버 (2025년형) -> 등급 5개 | 옵션 4개 | 패키지 4개
[2026-09-29 18:30:07]   [수집성공] 쉐보레(GM대우) 트랙스 크로스오버 (2024년형) -> 등급 5개 | 옵션 9개 | 패키지 9개
[2026-09-29 18:30:08]   [수집성공] 쉐보레(GM대우) 트랙스 크로스오버 (2023년형) -> 등급 5개 | 옵션 5개 | 패키지 5개
[2026-09-29 18:30:09] ▶ [쉐보레(GM대우)] 더 뉴 트랙스 (연식 7개: 2022~2016)
[2026-09-29 18:30:10]   [수집성공] 쉐보레(GM대우) 더 뉴 트랙스 (2022년형) -> 등급 6개 | 옵션 10개 | 패키지 10개
[2026-09-29 18:30:11]   [수집성공] 쉐보레(GM대우) 더 뉴 트랙스 (2021년형) -> 등급 10개 | 옵션 14개 | 패키지 14개
[2026-09-29 18:30:12]   [수집성공] 쉐보레(GM대우) 더 뉴 트랙스 (2020년형) -> 등급 10개 | 옵션 12개 | 패키지 12개
[2026-09-29 18:30:13]   [수집성공] 쉐보레(GM대우) 더 뉴 트랙스 (2019년형) -> 등급 12개 | 옵션 12개 | 패키지 12개
[2026-09-29 18:30:14]   [수집성공] 쉐보레(GM대우) 더 뉴 트랙스 (2018년형) -> 등급 11개 | 옵션 12개 | 패키지 12개
[2026-09-29 18:30:15]   [수집성공] 쉐보레(GM대우) 더 뉴 트랙스 (2017년형) -> 등급 7개 | 옵션 8개 | 패키지 0개
[2026-09-29 18:30:16]   [수집성공] 쉐보레(GM대우) 더 뉴 트랙스 (2016년형) -> 등급 7개 | 옵션 11개 | 패키지 6개
[2026-09-29 18:30:17] ▶ [쉐보레(GM대우)] 트랙스 (연식 4개: 2016~2013)
[2026-09-29 18:30:17]   [수집성공] 쉐보레(GM대우) 트랙스 (2016년형) -> 등급 15개 | 옵션 4개 | 패키지 0개
[2026-09-29 18:30:18]   [수집성공] 쉐보레(GM대우) 트랙스 (2015년형) -> 등급 7개 | 옵션 8개 | 패키지 4개
[2026-09-29 18:30:19]   [수집성공] 쉐보레(GM대우) 트랙스 (2014년형) -> 등급 6개 | 옵션 4개 | 패키지 0개
[2026-09-29 18:30:20]   [수집성공] 쉐보레(GM대우) 트랙스 (2013년형) -> 등급 6개 | 옵션 3개 | 패키지 0개
[2026-09-29 18:30:20] ▶ [쉐보레(GM대우)] 더 뉴 트레일블레이저 (연식 4개: 2026~2023)
[2026-09-29 18:30:21]   [수집성공] 쉐보레(GM대우) 더 뉴 트레일블레이저 (2026년형) -> 등급 4개 | 옵션 8개 | 패키지 8개
[2026-09-29 18:30:21]   [수집성공] 쉐보레(GM대우) 더 뉴 트레일블레이저 (2025년형) -> 등급 4개 | 옵션 8개 | 패키지 8개
[2026-09-29 18:30:22]   [수집성공] 쉐보레(GM대우) 더 뉴 트레일블레이저 (2024년형) -> 등급 4개 | 옵션 10개 | 패키지 10개
[2026-09-29 18:30:24]   [수집성공] 쉐보레(GM대우) 더 뉴 트레일블레이저 (2023년형) -> 등급 5개 | 옵션 12개 | 패키지 12개
[2026-09-29 18:30:25] ▶ [쉐보레(GM대우)] 트레일블레이저 (연식 4개: 2023~2020)
[2026-09-29 18:30:25]   [수집성공] 쉐보레(GM대우) 트레일블레이저 (2023년형) -> 등급 4개 | 옵션 12개 | 패키지 12개
[2026-09-29 18:30:26]   [수집성공] 쉐보레(GM대우) 트레일블레이저 (2022년형) -> 등급 5개 | 옵션 20개 | 패키지 20개
[2026-09-29 18:30:27]   [수집성공] 쉐보레(GM대우) 트레일블레이저 (2021년형) -> 등급 6개 | 옵션 20개 | 패키지 20개
[2026-09-29 18:30:28]   [수집성공] 쉐보레(GM대우) 트레일블레이저 (2020년형) -> 등급 7개 | 옵션 18개 | 패키지 18개
[2026-09-29 18:30:29] ▶ [쉐보레(GM대우)] 타호 (연식 4개: 2025~2022)
[2026-09-29 18:30:29]   [수집성공] 쉐보레(GM대우) 타호 (2025년형) -> 등급 3개 | 옵션 4개 | 패키지 4개
[2026-09-29 18:30:30]   [수집성공] 쉐보레(GM대우) 타호 (2024년형) -> 등급 3개 | 옵션 4개 | 패키지 4개
[2026-09-29 18:30:31]   [수집성공] 쉐보레(GM대우) 타호 (2023년형) -> 등급 3개 | 옵션 5개 | 패키지 4개
[2026-09-29 18:30:32]   [수집성공] 쉐보레(GM대우) 타호 (2022년형) -> 등급 3개 | 옵션 1개 | 패키지 1개
[2026-09-29 18:30:33] 
==========================================
[2026-09-29 18:30:33] 🏢 [르노코리아(삼성)] 모델 목록 탐색 시작...
[2026-09-29 18:30:33] ==========================================
[2026-09-29 18:30:33] ▶ [르노코리아(삼성)] 뉴QM3 (연식 3개: 2019~2017)
[2026-09-29 18:30:33]   [수집성공] 르노코리아(삼성) 뉴QM3 (2019년형) -> 등급 4개 | 옵션 12개 | 패키지 8개
[2026-09-29 18:30:34]   [수집성공] 르노코리아(삼성) 뉴QM3 (2018년형) -> 등급 4개 | 옵션 11개 | 패키지 7개
[2026-09-29 18:30:35]   [수집성공] 르노코리아(삼성) 뉴QM3 (2017년형) -> 등급 4개 | 옵션 3개 | 패키지 1개
[2026-09-29 18:30:36] ▶ [르노코리아(삼성)] QM3 (연식 5개: 2017~2013)
[2026-09-29 18:30:36]   [수집성공] 르노코리아(삼성) QM3 (2017년형) -> 등급 5개 | 옵션 7개 | 패키지 6개
[2026-09-29 18:30:37]   [수집성공] 르노코리아(삼성) QM3 (2016년형) -> 등급 5개 | 옵션 1개 | 패키지 1개
[2026-09-29 18:30:38]   [수집성공] 르노코리아(삼성) QM3 (2015년형) -> 등급 5개 | 옵션 0개 | 패키지 0개
[2026-09-29 18:30:39]   [수집성공] 르노코리아(삼성) QM3 (2014년형) -> 등급 4개 | 옵션 9개 | 패키지 8개
[2026-09-29 18:30:39]   [수집성공] 르노코리아(삼성) QM3 (2013년형) -> 등급 4개 | 옵션 5개 | 패키지 4개
[2026-09-29 18:30:41] ▶ [르노코리아(삼성)] QM5 네오 (연식 3개: 2016~2014)
[2026-09-29 18:30:41]   [수집성공] 르노코리아(삼성) QM5 네오 (2016년형) -> 등급 4개 | 옵션 5개 | 패키지 3개
[2026-09-29 18:30:42]   [수집성공] 르노코리아(삼성) QM5 네오 (2015년형) -> 등급 13개 | 옵션 4개 | 패키지 0개
[2026-09-29 18:30:42]   [수집성공] 르노코리아(삼성) QM5 네오 (2014년형) -> 등급 9개 | 옵션 7개 | 패키지 4개
[2026-09-29 18:30:44] ▶ [르노코리아(삼성)] 뉴QM5 (연식 2개: 2014~2013)
[2026-09-29 18:30:44]   [수집성공] 르노코리아(삼성) 뉴QM5 (2014년형) -> 등급 9개 | 옵션 5개 | 패키지 1개
[2026-09-29 18:30:45]   [수집성공] 르노코리아(삼성) 뉴QM5 (2013년형) -> 등급 11개 | 옵션 14개 | 패키지 2개
[2026-09-29 18:30:46] ▶ [르노코리아(삼성)] 더 뉴 QM6 (연식 8개: 2026~2019)
[2026-09-29 18:30:46]   [확인완료] 르노코리아(삼성) 더 뉴 QM6 (2026년형) -> 신차가격표 준비중/미등록
[2026-09-29 18:30:47]   [수집성공] 르노코리아(삼성) 더 뉴 QM6 (2025년형) -> 등급 5개 | 옵션 25개 | 패키지 14개
[2026-09-29 18:30:48]   [수집성공] 르노코리아(삼성) 더 뉴 QM6 (2024년형) -> 등급 8개 | 옵션 31개 | 패키지 16개
[2026-09-29 18:30:49]   [수집성공] 르노코리아(삼성) 더 뉴 QM6 (2023년형) -> 등급 8개 | 옵션 9개 | 패키지 6개
[2026-09-29 18:30:50]   [수집성공] 르노코리아(삼성) 더 뉴 QM6 (2022년형) -> 등급 10개 | 옵션 10개 | 패키지 7개
[2026-09-29 18:30:51]   [수집성공] 르노코리아(삼성) 더 뉴 QM6 (2021년형) -> 등급 11개 | 옵션 14개 | 패키지 10개
[2026-09-29 18:30:52]   [수집성공] 르노코리아(삼성) 더 뉴 QM6 (2020년형) -> 등급 16개 | 옵션 17개 | 패키지 11개
[2026-09-29 18:30:53]   [수집성공] 르노코리아(삼성) 더 뉴 QM6 (2019년형) -> 등급 10개 | 옵션 15개 | 패키지 10개
[2026-09-29 18:30:54] ▶ [르노코리아(삼성)] QM6 (연식 4개: 2019~2016)
[2026-09-29 18:30:54]   [수집성공] 르노코리아(삼성) QM6 (2019년형) -> 등급 10개 | 옵션 19개 | 패키지 9개
[2026-09-29 18:30:55]   [수집성공] 르노코리아(삼성) QM6 (2018년형) -> 등급 11개 | 옵션 14개 | 패키지 7개
[2026-09-29 18:30:56]   [수집성공] 르노코리아(삼성) QM6 (2017년형) -> 등급 8개 | 옵션 14개 | 패키지 9개
[2026-09-29 18:30:57]   [수집성공] 르노코리아(삼성) QM6 (2016년형) -> 등급 8개 | 옵션 10개 | 패키지 4개
[2026-09-29 18:30:58] ▶ [르노코리아(삼성)] SM3 네오 (연식 6개: 2019~2014)
[2026-09-29 18:30:58]   [수집성공] 르노코리아(삼성) SM3 네오 (2019년형) -> 등급 4개 | 옵션 13개 | 패키지 8개
[2026-09-29 18:30:59]   [수집성공] 르노코리아(삼성) SM3 네오 (2018년형) -> 등급 6개 | 옵션 13개 | 패키지 7개
[2026-09-29 18:31:00]   [수집성공] 르노코리아(삼성) SM3 네오 (2017년형) -> 등급 7개 | 옵션 18개 | 패키지 8개
[2026-09-29 18:31:01]   [수집성공] 르노코리아(삼성) SM3 네오 (2016년형) -> 등급 7개 | 옵션 11개 | 패키지 1개
[2026-09-29 18:31:02]   [수집성공] 르노코리아(삼성) SM3 네오 (2015년형) -> 등급 5개 | 옵션 9개 | 패키지 0개
[2026-09-29 18:31:03]   [수집성공] 르노코리아(삼성) SM3 네오 (2014년형) -> 등급 6개 | 옵션 7개 | 패키지 0개
[2026-09-29 18:31:04] ▶ [르노코리아(삼성)] SM3 Z.E. (연식 9개: 2021~2013)
[2026-09-29 18:31:04]   [확인완료] 르노코리아(삼성) SM3 Z.E. (2021년형) -> 신차가격표 준비중/미등록
[2026-09-29 18:31:05]   [수집성공] 르노코리아(삼성) SM3 Z.E. (2020년형) -> 등급 3개 | 옵션 8개 | 패키지 7개
[2026-09-29 18:31:06]   [수집성공] 르노코리아(삼성) SM3 Z.E. (2019년형) -> 등급 3개 | 옵션 8개 | 패키지 7개
[2026-09-29 18:31:07]   [수집성공] 르노코리아(삼성) SM3 Z.E. (2018년형) -> 등급 3개 | 옵션 8개 | 패키지 7개
[2026-09-29 18:31:08]   [수집성공] 르노코리아(삼성) SM3 Z.E. (2017년형) -> 등급 3개 | 옵션 8개 | 패키지 7개
[2026-09-29 18:31:09]   [수집성공] 르노코리아(삼성) SM3 Z.E. (2016년형) -> 등급 2개 | 옵션 1개 | 패키지 0개
[2026-09-29 18:31:10]   [수집성공] 르노코리아(삼성) SM3 Z.E. (2015년형) -> 등급 2개 | 옵션 0개 | 패키지 0개
[2026-09-29 18:31:11]   [수집성공] 르노코리아(삼성) SM3 Z.E. (2014년형) -> 등급 3개 | 옵션 3개 | 패키지 0개
[2026-09-29 18:31:12]   [수집성공] 르노코리아(삼성) SM3 Z.E. (2013년형) -> 등급 3개 | 옵션 3개 | 패키지 0개
[2026-09-29 18:31:13] ▶ [르노코리아(삼성)] 뉴SM3 (연식 2개: 2014~2013)
[2026-09-29 18:31:14]   [수집성공] 르노코리아(삼성) 뉴SM3 (2014년형) -> 등급 7개 | 옵션 6개 | 패키지 0개
[2026-09-29 18:31:15]   [수집성공] 르노코리아(삼성) 뉴SM3 (2013년형) -> 등급 6개 | 옵션 7개 | 패키지 0개
[2026-09-29 18:31:15] ▶ [르노코리아(삼성)] SM5 노바 (연식 5개: 2019~2015)
[2026-09-29 18:31:15]   [수집성공] 르노코리아(삼성) SM5 노바 (2019년형) -> 등급 2개 | 옵션 7개 | 패키지 7개
[2026-09-29 18:31:16]   [수집성공] 르노코리아(삼성) SM5 노바 (2018년형) -> 등급 2개 | 옵션 10개 | 패키지 10개
[2026-09-29 18:31:17]   [수집성공] 르노코리아(삼성) SM5 노바 (2017년형) -> 등급 4개 | 옵션 10개 | 패키지 8개
[2026-09-29 18:31:18]   [수집성공] 르노코리아(삼성) SM5 노바 (2016년형) -> 등급 10개 | 옵션 13개 | 패키지 4개
[2026-09-29 18:31:19]   [수집성공] 르노코리아(삼성) SM5 노바 (2015년형) -> 등급 10개 | 옵션 9개 | 패키지 0개
[2026-09-29 18:31:20] ▶ [르노코리아(삼성)] 뉴SM5 플래티넘 (연식 3개: 2015~2013)
[2026-09-29 18:31:20]   [수집성공] 르노코리아(삼성) 뉴SM5 플래티넘 (2015년형) -> 등급 13개 | 옵션 8개 | 패키지 3개
[2026-09-29 18:31:21]   [수집성공] 르노코리아(삼성) 뉴SM5 플래티넘 (2014년형) -> 등급 11개 | 옵션 15개 | 패키지 4개
[2026-09-29 18:31:23]   [수집성공] 르노코리아(삼성) 뉴SM5 플래티넘 (2013년형) -> 등급 11개 | 옵션 17개 | 패키지 0개
[2026-09-29 18:31:23] ▶ [르노코리아(삼성)] 더 뉴 SM6 (연식 6개: 2025~2020)
[2026-09-29 18:31:23]   [수집성공] 르노코리아(삼성) 더 뉴 SM6 (2025년형) -> 등급 5개 | 옵션 23개 | 패키지 15개
[2026-09-29 18:31:25]   [수집성공] 르노코리아(삼성) 더 뉴 SM6 (2024년형) -> 등급 5개 | 옵션 21개 | 패키지 17개
[2026-09-29 18:31:26]   [수집성공] 르노코리아(삼성) 더 뉴 SM6 (2023년형) -> 등급 6개 | 옵션 18개 | 패키지 15개
[2026-09-29 18:31:27]   [수집성공] 르노코리아(삼성) 더 뉴 SM6 (2022년형) -> 등급 7개 | 옵션 18개 | 패키지 14개
[2026-09-29 18:31:28]   [수집성공] 르노코리아(삼성) 더 뉴 SM6 (2021년형) -> 등급 12개 | 옵션 21개 | 패키지 18개
[2026-09-29 18:31:29]   [수집성공] 르노코리아(삼성) 더 뉴 SM6 (2020년형) -> 등급 12개 | 옵션 21개 | 패키지 18개
[2026-09-29 18:31:30] ▶ [르노코리아(삼성)] SM6 (연식 5개: 2020~2016)
[2026-09-29 18:31:30]   [수집성공] 르노코리아(삼성) SM6 (2020년형) -> 등급 16개 | 옵션 23개 | 패키지 13개
[2026-09-29 18:31:32]   [수집성공] 르노코리아(삼성) SM6 (2019년형) -> 등급 17개 | 옵션 22개 | 패키지 8개
[2026-09-29 18:31:33]   [수집성공] 르노코리아(삼성) SM6 (2018년형) -> 등급 16개 | 옵션 23개 | 패키지 18개
[2026-09-29 18:31:34]   [수집성공] 르노코리아(삼성) SM6 (2017년형) -> 등급 16개 | 옵션 35개 | 패키지 21개
[2026-09-29 18:31:35]   [수집성공] 르노코리아(삼성) SM6 (2016년형) -> 등급 11개 | 옵션 18개 | 패키지 10개
[2026-09-29 18:31:36] ▶ [르노코리아(삼성)] SM7 노바 (연식 6개: 2019~2014)
[2026-09-29 18:31:36]   [수집성공] 르노코리아(삼성) SM7 노바 (2019년형) -> 등급 4개 | 옵션 14개 | 패키지 10개
[2026-09-29 18:31:37]   [수집성공] 르노코리아(삼성) SM7 노바 (2018년형) -> 등급 5개 | 옵션 16개 | 패키지 11개
[2026-09-29 18:31:38]   [수집성공] 르노코리아(삼성) SM7 노바 (2017년형) -> 등급 5개 | 옵션 16개 | 패키지 11개
[2026-09-29 18:31:39]   [수집성공] 르노코리아(삼성) SM7 노바 (2016년형) -> 등급 7개 | 옵션 9개 | 패키지 0개
[2026-09-29 18:31:40]   [수집성공] 르노코리아(삼성) SM7 노바 (2015년형) -> 등급 6개 | 옵션 4개 | 패키지 0개
[2026-09-29 18:31:41]   [수집성공] 르노코리아(삼성) SM7 노바 (2014년형) -> 등급 6개 | 옵션 9개 | 패키지 5개
[2026-09-29 18:31:42] ▶ [르노코리아(삼성)] All New SM7 (연식 2개: 2014~2013)
[2026-09-29 18:31:42]   [수집성공] 르노코리아(삼성) All New SM7 (2014년형) -> 등급 6개 | 옵션 6개 | 패키지 0개
[2026-09-29 18:31:43]   [수집성공] 르노코리아(삼성) All New SM7 (2013년형) -> 등급 7개 | 옵션 8개 | 패키지 0개
[2026-09-29 18:31:44] ▶ [르노코리아(삼성)] XM3 (연식 5개: 2024~2020)
[2026-09-29 18:31:44]   [수집성공] 르노코리아(삼성) XM3 (2024년형) -> 등급 6개 | 옵션 18개 | 패키지 14개
[2026-09-29 18:31:45]   [수집성공] 르노코리아(삼성) XM3 (2023년형) -> 등급 9개 | 옵션 25개 | 패키지 18개
[2026-09-29 18:31:46]   [수집성공] 르노코리아(삼성) XM3 (2022년형) -> 등급 10개 | 옵션 15개 | 패키지 12개
[2026-09-29 18:31:47]   [수집성공] 르노코리아(삼성) XM3 (2021년형) -> 등급 7개 | 옵션 17개 | 패키지 14개
[2026-09-29 18:31:48]   [수집성공] 르노코리아(삼성) XM3 (2020년형) -> 등급 7개 | 옵션 18개 | 패키지 14개
[2026-09-29 18:31:49] ▶ [르노코리아(삼성)] 그랑 콜레오스 (연식 3개: 2026~2024)
[2026-09-29 18:31:49]   [수집성공] 르노코리아(삼성) 그랑 콜레오스 (2026년형) -> 등급 11개 | 옵션 22개 | 패키지 18개
[2026-09-29 18:31:50]   [수집성공] 르노코리아(삼성) 그랑 콜레오스 (2025년형) -> 등급 8개 | 옵션 12개 | 패키지 11개
[2026-09-29 18:31:51]   [수집성공] 르노코리아(삼성) 그랑 콜레오스 (2024년형) -> 등급 8개 | 옵션 11개 | 패키지 11개
[2026-09-29 18:31:52] ▶ [르노코리아(삼성)] 마스터 (연식 8개: 2025~2018)
[2026-09-29 18:31:52]   [수집성공] 르노코리아(삼성) 마스터 (2025년형) -> 등급 3개 | 옵션 6개 | 패키지 6개
[2026-09-29 18:31:53]   [수집성공] 르노코리아(삼성) 마스터 (2024년형) -> 등급 3개 | 옵션 6개 | 패키지 6개
[2026-09-29 18:31:54]   [수집성공] 르노코리아(삼성) 마스터 (2023년형) -> 등급 3개 | 옵션 6개 | 패키지 6개
[2026-09-29 18:31:55]   [수집성공] 르노코리아(삼성) 마스터 (2022년형) -> 등급 5개 | 옵션 7개 | 패키지 7개
[2026-09-29 18:31:56]   [수집성공] 르노코리아(삼성) 마스터 (2021년형) -> 등급 5개 | 옵션 6개 | 패키지 6개
[2026-09-29 18:31:57]   [수집성공] 르노코리아(삼성) 마스터 (2020년형) -> 등급 5개 | 옵션 6개 | 패키지 6개
[2026-09-29 18:31:58]   [수집성공] 르노코리아(삼성) 마스터 (2019년형) -> 등급 5개 | 옵션 7개 | 패키지 7개
[2026-09-29 18:31:59]   [수집성공] 르노코리아(삼성) 마스터 (2018년형) -> 등급 3개 | 옵션 7개 | 패키지 7개
[2026-09-29 18:32:00] ▶ [르노코리아(삼성)] 세닉 (연식 2개: 2026~2025)
[2026-09-29 18:32:00]   [확인완료] 르노코리아(삼성) 세닉 (2026년형) -> 신차가격표 준비중/미등록
[2026-09-29 18:32:01]   [수집성공] 르노코리아(삼성) 세닉 (2025년형) -> 등급 4개 | 옵션 6개 | 패키지 6개
[2026-09-29 18:32:02] ▶ [르노코리아(삼성)] 아르카나 (연식 3개: 2026~2024)
[2026-09-29 18:32:02]   [확인완료] 르노코리아(삼성) 아르카나 (2026년형) -> 신차가격표 준비중/미등록
[2026-09-29 18:32:03]   [수집성공] 르노코리아(삼성) 아르카나 (2025년형) -> 등급 4개 | 옵션 15개 | 패키지 12개
[2026-09-29 18:32:04]   [수집성공] 르노코리아(삼성) 아르카나 (2024년형) -> 등급 8개 | 옵션 19개 | 패키지 14개
[2026-09-29 18:32:05] ▶ [르노코리아(삼성)] 조에 (연식 3개: 2022~2020)
[2026-09-29 18:32:05]   [수집성공] 르노코리아(삼성) 조에 (2022년형) -> 등급 4개 | 옵션 6개 | 패키지 6개
[2026-09-29 18:32:06]   [수집성공] 르노코리아(삼성) 조에 (2021년형) -> 등급 4개 | 옵션 6개 | 패키지 6개
[2026-09-29 18:32:07]   [수집성공] 르노코리아(삼성) 조에 (2020년형) -> 등급 4개 | 옵션 7개 | 패키지 7개
[2026-09-29 18:32:09] ▶ [르노코리아(삼성)] 캡처 (연식 2개: 2021~2020)
[2026-09-29 18:32:09]   [수집성공] 르노코리아(삼성) 캡처 (2021년형) -> 등급 3개 | 옵션 7개 | 패키지 7개
[2026-09-29 18:32:10]   [수집성공] 르노코리아(삼성) 캡처 (2020년형) -> 등급 5개 | 옵션 8개 | 패키지 8개
[2026-09-29 18:32:11] ▶ [르노코리아(삼성)] 클리오 (연식 2개: 2019~2018)
[2026-09-29 18:32:11]   [수집성공] 르노코리아(삼성) 클리오 (2019년형) -> 등급 5개 | 옵션 8개 | 패키지 7개
[2026-09-29 18:32:12]   [수집성공] 르노코리아(삼성) 클리오 (2018년형) -> 등급 3개 | 옵션 1개 | 패키지 0개
[2026-09-29 18:32:13] ▶ [르노코리아(삼성)] 필랑트 (연식 1개: 2026~2026)
[2026-09-29 18:32:13]   [확인완료] 르노코리아(삼성) 필랑트 (2026년형) -> 신차가격표 준비중/미등록
[2026-09-29 18:32:14] 
==========================================
[2026-09-29 18:32:14] 🏢 [KG모빌리티(쌍용)] 모델 목록 탐색 시작...
[2026-09-29 18:32:14] ==========================================
[2026-09-29 18:32:15] ▶ [KG모빌리티(쌍용)] 렉스턴 뉴 아레나 (연식 4개: 2026~2023)
[2026-09-29 18:32:15]   [수집성공] KG모빌리티(쌍용) 렉스턴 뉴 아레나 (2026년형) -> 등급 5개 | 옵션 17개 | 패키지 11개
[2026-09-29 18:32:16]   [수집성공] KG모빌리티(쌍용) 렉스턴 뉴 아레나 (2025년형) -> 등급 5개 | 옵션 21개 | 패키지 10개
[2026-09-29 18:32:17]   [수집성공] KG모빌리티(쌍용) 렉스턴 뉴 아레나 (2024년형) -> 등급 5개 | 옵션 29개 | 패키지 16개
[2026-09-29 18:32:18]   [수집성공] KG모빌리티(쌍용) 렉스턴 뉴 아레나 (2023년형) -> 등급 5개 | 옵션 22개 | 패키지 13개
[2026-09-29 18:32:19] ▶ [KG모빌리티(쌍용)] 더 뉴 렉스턴 스포츠 (연식 5개: 2025~2021)
[2026-09-29 18:32:19]   [수집성공] KG모빌리티(쌍용) 더 뉴 렉스턴 스포츠 (2025년형) -> 등급 4개 | 옵션 16개 | 패키지 9개
[2026-09-29 18:32:20]   [수집성공] KG모빌리티(쌍용) 더 뉴 렉스턴 스포츠 (2024년형) -> 등급 5개 | 옵션 13개 | 패키지 7개
[2026-09-29 18:32:21]   [수집성공] KG모빌리티(쌍용) 더 뉴 렉스턴 스포츠 (2023년형) -> 등급 5개 | 옵션 18개 | 패키지 10개
[2026-09-29 18:32:22]   [수집성공] KG모빌리티(쌍용) 더 뉴 렉스턴 스포츠 (2022년형) -> 등급 5개 | 옵션 21개 | 패키지 10개
[2026-09-29 18:32:23]   [수집성공] KG모빌리티(쌍용) 더 뉴 렉스턴 스포츠 (2021년형) -> 등급 5개 | 옵션 19개 | 패키지 11개
[2026-09-29 18:32:24] ▶ [KG모빌리티(쌍용)] 더 뉴 렉스턴 스포츠 칸 (연식 5개: 2025~2021)
[2026-09-29 18:32:24]   [수집성공] KG모빌리티(쌍용) 더 뉴 렉스턴 스포츠 칸 (2025년형) -> 등급 4개 | 옵션 16개 | 패키지 9개
[2026-09-29 18:32:25]   [수집성공] KG모빌리티(쌍용) 더 뉴 렉스턴 스포츠 칸 (2024년형) -> 등급 5개 | 옵션 14개 | 패키지 8개
[2026-09-29 18:32:26]   [수집성공] KG모빌리티(쌍용) 더 뉴 렉스턴 스포츠 칸 (2023년형) -> 등급 5개 | 옵션 16개 | 패키지 9개
[2026-09-29 18:32:27]   [수집성공] KG모빌리티(쌍용) 더 뉴 렉스턴 스포츠 칸 (2022년형) -> 등급 5개 | 옵션 21개 | 패키지 10개
[2026-09-29 18:32:27]   [수집성공] KG모빌리티(쌍용) 더 뉴 렉스턴 스포츠 칸 (2021년형) -> 등급 5개 | 옵션 19개 | 패키지 11개
[2026-09-29 18:32:28] ▶ [KG모빌리티(쌍용)] 올 뉴 렉스턴 (연식 4개: 2023~2020)
[2026-09-29 18:32:28]   [수집성공] KG모빌리티(쌍용) 올 뉴 렉스턴 (2023년형) -> 등급 5개 | 옵션 26개 | 패키지 16개
[2026-09-29 18:32:29]   [수집성공] KG모빌리티(쌍용) 올 뉴 렉스턴 (2022년형) -> 등급 4개 | 옵션 26개 | 패키지 16개
[2026-09-29 18:32:31]   [수집성공] KG모빌리티(쌍용) 올 뉴 렉스턴 (2021년형) -> 등급 4개 | 옵션 25개 | 패키지 15개
[2026-09-29 18:32:32]   [수집성공] KG모빌리티(쌍용) 올 뉴 렉스턴 (2020년형) -> 등급 4개 | 옵션 24개 | 패키지 14개
[2026-09-29 18:32:33] ▶ [KG모빌리티(쌍용)] 렉스턴 스포츠 칸 (연식 3개: 2021~2019)
[2026-09-29 18:32:33]   [수집성공] KG모빌리티(쌍용) 렉스턴 스포츠 칸 (2021년형) -> 등급 8개 | 옵션 32개 | 패키지 11개
[2026-09-29 18:32:34]   [수집성공] KG모빌리티(쌍용) 렉스턴 스포츠 칸 (2020년형) -> 등급 8개 | 옵션 23개 | 패키지 10개
[2026-09-29 18:32:35]   [수집성공] KG모빌리티(쌍용) 렉스턴 스포츠 칸 (2019년형) -> 등급 3개 | 옵션 19개 | 패키지 9개
[2026-09-29 18:32:36] ▶ [KG모빌리티(쌍용)] 렉스턴 스포츠 (연식 4개: 2021~2018)
[2026-09-29 18:32:36]   [수집성공] KG모빌리티(쌍용) 렉스턴 스포츠 (2021년형) -> 등급 6개 | 옵션 33개 | 패키지 9개
[2026-09-29 18:32:37]   [수집성공] KG모빌리티(쌍용) 렉스턴 스포츠 (2020년형) -> 등급 6개 | 옵션 22개 | 패키지 8개
[2026-09-29 18:32:38]   [수집성공] KG모빌리티(쌍용) 렉스턴 스포츠 (2019년형) -> 등급 5개 | 옵션 20개 | 패키지 8개
[2026-09-29 18:32:39]   [수집성공] KG모빌리티(쌍용) 렉스턴 스포츠 (2018년형) -> 등급 5개 | 옵션 10개 | 패키지 0개
[2026-09-29 18:32:40] ▶ [KG모빌리티(쌍용)] G4 렉스턴 (연식 4개: 2020~2017)
[2026-09-29 18:32:40]   [수집성공] KG모빌리티(쌍용) G4 렉스턴 (2020년형) -> 등급 5개 | 옵션 22개 | 패키지 11개
[2026-09-29 18:32:42]   [수집성공] KG모빌리티(쌍용) G4 렉스턴 (2019년형) -> 등급 3개 | 옵션 21개 | 패키지 9개
[2026-09-29 18:32:43]   [수집성공] KG모빌리티(쌍용) G4 렉스턴 (2018년형) -> 등급 3개 | 옵션 25개 | 패키지 12개
[2026-09-29 18:32:43]   [수집성공] KG모빌리티(쌍용) G4 렉스턴 (2017년형) -> 등급 3개 | 옵션 11개 | 패키지 1개
[2026-09-29 18:32:44] ▶ [KG모빌리티(쌍용)] 렉스턴 W (연식 5개: 2017~2013)
[2026-09-29 18:32:45]   [수집성공] KG모빌리티(쌍용) 렉스턴 W (2017년형) -> 등급 5개 | 옵션 11개 | 패키지 2개
[2026-09-29 18:32:46]   [수집성공] KG모빌리티(쌍용) 렉스턴 W (2016년형) -> 등급 5개 | 옵션 10개 | 패키지 1개
[2026-09-29 18:32:47]   [수집성공] KG모빌리티(쌍용) 렉스턴 W (2015년형) -> 등급 7개 | 옵션 1개 | 패키지 1개
[2026-09-29 18:32:48]   [수집성공] KG모빌리티(쌍용) 렉스턴 W (2014년형) -> 등급 8개 | 옵션 6개 | 패키지 1개
[2026-09-29 18:32:49]   [수집성공] KG모빌리티(쌍용) 렉스턴 W (2013년형) -> 등급 8개 | 옵션 6개 | 패키지 0개
[2026-09-29 18:32:50] ▶ [KG모빌리티(쌍용)] 로디우스 유로 (연식 1개: 2013~2013)
[2026-09-29 18:32:50]   [수집성공] KG모빌리티(쌍용) 로디우스 유로 (2013년형) -> 등급 7개 | 옵션 4개 | 패키지 0개
[2026-09-29 18:32:50] ▶ [KG모빌리티(쌍용)] 무쏘 (Q300) (연식 1개: 2026~2026)
[2026-09-29 18:32:51]   [수집성공] KG모빌리티(쌍용) 무쏘 (Q300) (2026년형) -> 등급 9개 | 옵션 10개 | 패키지 6개
[2026-09-29 18:32:51] ▶ [KG모빌리티(쌍용)] 무쏘 스포츠 (Q260) (연식 2개: 2026~2025)
[2026-09-29 18:32:52]   [수집성공] KG모빌리티(쌍용) 무쏘 스포츠 (Q260) (2026년형) -> 등급 4개 | 옵션 12개 | 패키지 7개
[2026-09-29 18:32:52]   [수집성공] KG모빌리티(쌍용) 무쏘 스포츠 (Q260) (2025년형) -> 등급 4개 | 옵션 14개 | 패키지 7개
[2026-09-29 18:32:53] ▶ [KG모빌리티(쌍용)] 무쏘 스포츠 칸 (Q261) (연식 2개: 2026~2025)
[2026-09-29 18:32:53]   [수집성공] KG모빌리티(쌍용) 무쏘 스포츠 칸 (Q261) (2026년형) -> 등급 4개 | 옵션 13개 | 패키지 8개
[2026-09-29 18:32:54]   [수집성공] KG모빌리티(쌍용) 무쏘 스포츠 칸 (Q261) (2025년형) -> 등급 4개 | 옵션 15개 | 패키지 8개
[2026-09-29 18:32:55] ▶ [KG모빌리티(쌍용)] 무쏘 EV (O100) (연식 2개: 2026~2025)
[2026-09-29 18:32:55]   [수집성공] KG모빌리티(쌍용) 무쏘 EV (O100) (2026년형) -> 등급 5개 | 옵션 8개 | 패키지 4개
[2026-09-29 18:32:56]   [수집성공] KG모빌리티(쌍용) 무쏘 EV (O100) (2025년형) -> 등급 5개 | 옵션 7개 | 패키지 4개
[2026-09-29 18:32:57] ▶ [KG모빌리티(쌍용)] 액티언 2세대 (연식 3개: 2026~2024)
[2026-09-29 18:32:57]   [수집성공] KG모빌리티(쌍용) 액티언 2세대 (2026년형) -> 등급 6개 | 옵션 15개 | 패키지 11개
[2026-09-29 18:32:58]   [수집성공] KG모빌리티(쌍용) 액티언 2세대 (2025년형) -> 등급 5개 | 옵션 10개 | 패키지 7개
[2026-09-29 18:32:59]   [수집성공] KG모빌리티(쌍용) 액티언 2세대 (2024년형) -> 등급 3개 | 옵션 9개 | 패키지 8개
[2026-09-29 18:33:00] ▶ [KG모빌리티(쌍용)] 뉴체어맨 W (연식 5개: 2017~2013)
[2026-09-29 18:33:00]   [수집성공] KG모빌리티(쌍용) 뉴체어맨 W (2017년형) -> 등급 9개 | 옵션 2개 | 패키지 0개
[2026-09-29 18:33:02]   [수집성공] KG모빌리티(쌍용) 뉴체어맨 W (2016년형) -> 등급 9개 | 옵션 9개 | 패키지 3개
[2026-09-29 18:33:02]   [수집성공] KG모빌리티(쌍용) 뉴체어맨 W (2015년형) -> 등급 8개 | 옵션 7개 | 패키지 0개
[2026-09-29 18:33:03]   [수집성공] KG모빌리티(쌍용) 뉴체어맨 W (2014년형) -> 등급 8개 | 옵션 4개 | 패키지 0개
[2026-09-29 18:33:04]   [수집성공] KG모빌리티(쌍용) 뉴체어맨 W (2013년형) -> 등급 7개 | 옵션 3개 | 패키지 0개
[2026-09-29 18:33:05] ▶ [KG모빌리티(쌍용)] 체어맨 H 뉴 클래식 (연식 2개: 2014~2013)
[2026-09-29 18:33:06]   [수집성공] KG모빌리티(쌍용) 체어맨 H 뉴 클래식 (2014년형) -> 등급 8개 | 옵션 4개 | 패키지 0개
[2026-09-29 18:33:06]   [수집성공] KG모빌리티(쌍용) 체어맨 H 뉴 클래식 (2013년형) -> 등급 8개 | 옵션 4개 | 패키지 0개
[2026-09-29 18:33:08] ▶ [KG모빌리티(쌍용)] 코란도 EV (이모션) (연식 4개: 2025~2022)
[2026-09-29 18:33:08]   [수집성공] KG모빌리티(쌍용) 코란도 EV (이모션) (2025년형) -> 등급 3개 | 옵션 11개 | 패키지 6개
[2026-09-29 18:33:09]   [수집성공] KG모빌리티(쌍용) 코란도 EV (이모션) (2024년형) -> 등급 4개 | 옵션 16개 | 패키지 11개
[2026-09-29 18:33:09]   [수집성공] KG모빌리티(쌍용) 코란도 EV (이모션) (2023년형) -> 등급 3개 | 옵션 14개 | 패키지 9개
[2026-09-29 18:33:10]   [수집성공] KG모빌리티(쌍용) 코란도 EV (이모션) (2022년형) -> 등급 3개 | 옵션 13개 | 패키지 7개
[2026-09-29 18:33:11] ▶ [KG모빌리티(쌍용)] 뷰티풀 코란도 (연식 7개: 2025~2019)
[2026-09-29 18:33:11]   [수집성공] KG모빌리티(쌍용) 뷰티풀 코란도 (2025년형) -> 등급 13개 | 옵션 12개 | 패키지 10개
[2026-09-29 18:33:12]   [수집성공] KG모빌리티(쌍용) 뷰티풀 코란도 (2024년형) -> 등급 3개 | 옵션 4개 | 패키지 4개
[2026-09-29 18:33:13]   [수집성공] KG모빌리티(쌍용) 뷰티풀 코란도 (2023년형) -> 등급 4개 | 옵션 14개 | 패키지 11개
[2026-09-29 18:33:14]   [수집성공] KG모빌리티(쌍용) 뷰티풀 코란도 (2022년형) -> 등급 15개 | 옵션 23개 | 패키지 15개
[2026-09-29 18:33:15]   [수집성공] KG모빌리티(쌍용) 뷰티풀 코란도 (2021년형) -> 등급 17개 | 옵션 25개 | 패키지 20개
[2026-09-29 18:33:16]   [수집성공] KG모빌리티(쌍용) 뷰티풀 코란도 (2020년형) -> 등급 12개 | 옵션 21개 | 패키지 15개
[2026-09-29 18:33:17]   [수집성공] KG모빌리티(쌍용) 뷰티풀 코란도 (2019년형) -> 등급 7개 | 옵션 16개 | 패키지 13개
[2026-09-29 18:33:18] ▶ [KG모빌리티(쌍용)] 뉴 스타일 코란도 C (연식 3개: 2019~2017)
[2026-09-29 18:33:18]   [수집성공] KG모빌리티(쌍용) 뉴 스타일 코란도 C (2019년형) -> 등급 10개 | 옵션 14개 | 패키지 9개
[2026-09-29 18:33:20]   [수집성공] KG모빌리티(쌍용) 뉴 스타일 코란도 C (2018년형) -> 등급 10개 | 옵션 15개 | 패키지 9개
[2026-09-29 18:33:20]   [수집성공] KG모빌리티(쌍용) 뉴 스타일 코란도 C (2017년형) -> 등급 10개 | 옵션 12개 | 패키지 1개
[2026-09-29 18:33:22] ▶ [KG모빌리티(쌍용)] 더 뉴 코란도 스포츠 (연식 3개: 2018~2016)
[2026-09-29 18:33:22]   [수집성공] KG모빌리티(쌍용) 더 뉴 코란도 스포츠 (2018년형) -> 등급 4개 | 옵션 15개 | 패키지 7개
[2026-09-29 18:33:23]   [수집성공] KG모빌리티(쌍용) 더 뉴 코란도 스포츠 (2017년형) -> 등급 4개 | 옵션 10개 | 패키지 1개
[2026-09-29 18:33:24]   [수집성공] KG모빌리티(쌍용) 더 뉴 코란도 스포츠 (2016년형) -> 등급 5개 | 옵션 11개 | 패키지 1개
[2026-09-29 18:33:25] ▶ [KG모빌리티(쌍용)] 뉴코란도 C (연식 5개: 2017~2013)
[2026-09-29 18:33:25]   [수집성공] KG모빌리티(쌍용) 뉴코란도 C (2017년형) -> 등급 10개 | 옵션 14개 | 패키지 7개
[2026-09-29 18:33:26]   [수집성공] KG모빌리티(쌍용) 뉴코란도 C (2016년형) -> 등급 10개 | 옵션 6개 | 패키지 0개
[2026-09-29 18:33:27]   [수집성공] KG모빌리티(쌍용) 뉴코란도 C (2015년형) -> 등급 7개 | 옵션 0개 | 패키지 0개
[2026-09-29 18:33:28]   [수집성공] KG모빌리티(쌍용) 뉴코란도 C (2014년형) -> 등급 8개 | 옵션 12개 | 패키지 1개
[2026-09-29 18:33:29]   [수집성공] KG모빌리티(쌍용) 뉴코란도 C (2013년형) -> 등급 7개 | 옵션 11개 | 패키지 0개
[2026-09-29 18:33:30] ▶ [KG모빌리티(쌍용)] 코란도 투리스모 (연식 7개: 2019~2013)
[2026-09-29 18:33:30]   [수집성공] KG모빌리티(쌍용) 코란도 투리스모 (2019년형) -> 등급 10개 | 옵션 15개 | 패키지 6개
[2026-09-29 18:33:31]   [수집성공] KG모빌리티(쌍용) 코란도 투리스모 (2018년형) -> 등급 10개 | 옵션 16개 | 패키지 6개
[2026-09-29 18:33:33]   [수집성공] KG모빌리티(쌍용) 코란도 투리스모 (2017년형) -> 등급 8개 | 옵션 10개 | 패키지 0개
[2026-09-29 18:33:34]   [수집성공] KG모빌리티(쌍용) 코란도 투리스모 (2016년형) -> 등급 8개 | 옵션 10개 | 패키지 0개
[2026-09-29 18:33:35]   [수집성공] KG모빌리티(쌍용) 코란도 투리스모 (2015년형) -> 등급 15개 | 옵션 0개 | 패키지 0개
[2026-09-29 18:33:36]   [수집성공] KG모빌리티(쌍용) 코란도 투리스모 (2014년형) -> 등급 15개 | 옵션 8개 | 패키지 0개
[2026-09-29 18:33:37]   [수집성공] KG모빌리티(쌍용) 코란도 투리스모 (2013년형) -> 등급 7개 | 옵션 8개 | 패키지 1개
[2026-09-29 18:33:38] ▶ [KG모빌리티(쌍용)] 코란도 스포츠 (연식 4개: 2016~2013)
[2026-09-29 18:33:38]   [수집성공] KG모빌리티(쌍용) 코란도 스포츠 (2016년형) -> 등급 4개 | 옵션 9개 | 패키지 4개
[2026-09-29 18:33:39]   [수집성공] KG모빌리티(쌍용) 코란도 스포츠 (2015년형) -> 등급 3개 | 옵션 7개 | 패키지 0개
[2026-09-29 18:33:40]   [수집성공] KG모빌리티(쌍용) 코란도 스포츠 (2014년형) -> 등급 3개 | 옵션 6개 | 패키지 0개
[2026-09-29 18:33:41]   [수집성공] KG모빌리티(쌍용) 코란도 스포츠 (2013년형) -> 등급 3개 | 옵션 0개 | 패키지 0개
[2026-09-29 18:33:42] ▶ [KG모빌리티(쌍용)] 코란도 C (연식 1개: 2013~2013)
[2026-09-29 18:33:42]   [수집성공] KG모빌리티(쌍용) 코란도 C (2013년형) -> 등급 7개 | 옵션 6개 | 패키지 0개
[2026-09-29 18:33:43] ▶ [KG모빌리티(쌍용)] 뉴 토레스 (연식 1개: 2026~2026)
[2026-09-29 18:33:44]   [수집성공] KG모빌리티(쌍용) 뉴 토레스 (2026년형) -> 등급 6개 | 옵션 21개 | 패키지 16개
[2026-09-29 18:33:44] ▶ [KG모빌리티(쌍용)] 더 뉴 토레스 (연식 3개: 2026~2024)
[2026-09-29 18:33:45]   [수집성공] KG모빌리티(쌍용) 더 뉴 토레스 (2026년형) -> 등급 6개 | 옵션 24개 | 패키지 15개
[2026-09-29 18:33:45]   [수집성공] KG모빌리티(쌍용) 더 뉴 토레스 (2025년형) -> 등급 5개 | 옵션 18개 | 패키지 11개
[2026-09-29 18:33:47]   [수집성공] KG모빌리티(쌍용) 더 뉴 토레스 (2024년형) -> 등급 5개 | 옵션 25개 | 패키지 18개
[2026-09-29 18:33:48] ▶ [KG모빌리티(쌍용)] 토레스 EVX (연식 4개: 2026~2023)
[2026-09-29 18:33:48]   [수집성공] KG모빌리티(쌍용) 토레스 EVX (2026년형) -> 등급 5개 | 옵션 12개 | 패키지 6개
[2026-09-29 18:33:49]   [수집성공] KG모빌리티(쌍용) 토레스 EVX (2025년형) -> 등급 5개 | 옵션 13개 | 패키지 6개
[2026-09-29 18:33:50]   [수집성공] KG모빌리티(쌍용) 토레스 EVX (2024년형) -> 등급 3개 | 옵션 10개 | 패키지 5개
[2026-09-29 18:33:51]   [수집성공] KG모빌리티(쌍용) 토레스 EVX (2023년형) -> 등급 3개 | 옵션 9개 | 패키지 4개
[2026-09-29 18:33:52] ▶ [KG모빌리티(쌍용)] 토레스 (연식 3개: 2024~2022)
[2026-09-29 18:33:53]   [수집성공] KG모빌리티(쌍용) 토레스 (2024년형) -> 등급 5개 | 옵션 25개 | 패키지 13개
[2026-09-29 18:33:53]   [수집성공] KG모빌리티(쌍용) 토레스 (2023년형) -> 등급 4개 | 옵션 19개 | 패키지 10개
[2026-09-29 18:33:55]   [수집성공] KG모빌리티(쌍용) 토레스 (2022년형) -> 등급 3개 | 옵션 18개 | 패키지 9개
[2026-09-29 18:33:55] ▶ [KG모빌리티(쌍용)] 더 뉴 티볼리 (연식 4개: 2026~2023)
[2026-09-29 18:33:56]   [수집성공] KG모빌리티(쌍용) 더 뉴 티볼리 (2026년형) -> 등급 4개 | 옵션 19개 | 패키지 15개
[2026-09-29 18:33:57]   [수집성공] KG모빌리티(쌍용) 더 뉴 티볼리 (2025년형) -> 등급 6개 | 옵션 19개 | 패키지 15개
[2026-09-29 18:33:57]   [수집성공] KG모빌리티(쌍용) 더 뉴 티볼리 (2024년형) -> 등급 4개 | 옵션 19개 | 패키지 15개
[2026-09-29 18:33:59]   [수집성공] KG모빌리티(쌍용) 더 뉴 티볼리 (2023년형) -> 등급 4개 | 옵션 19개 | 패키지 14개
[2026-09-29 18:33:59] ▶ [KG모빌리티(쌍용)] 더 뉴 티볼리 에어 (연식 2개: 2024~2023)
[2026-09-29 18:33:59]   [수집성공] KG모빌리티(쌍용) 더 뉴 티볼리 에어 (2024년형) -> 등급 2개 | 옵션 4개 | 패키지 4개
[2026-09-29 18:34:00]   [수집성공] KG모빌리티(쌍용) 더 뉴 티볼리 에어 (2023년형) -> 등급 2개 | 옵션 14개 | 패키지 10개
[2026-09-29 18:34:01] ▶ [KG모빌리티(쌍용)] 베리 뉴 티볼리 (연식 5개: 2023~2019)
[2026-09-29 18:34:01]   [수집성공] KG모빌리티(쌍용) 베리 뉴 티볼리 (2023년형) -> 등급 3개 | 옵션 12개 | 패키지 8개
[2026-09-29 18:34:02]   [수집성공] KG모빌리티(쌍용) 베리 뉴 티볼리 (2022년형) -> 등급 3개 | 옵션 22개 | 패키지 11개
[2026-09-29 18:34:04]   [수집성공] KG모빌리티(쌍용) 베리 뉴 티볼리 (2021년형) -> 등급 3개 | 옵션 23개 | 패키지 16개
[2026-09-29 18:34:05]   [수집성공] KG모빌리티(쌍용) 베리 뉴 티볼리 (2020년형) -> 등급 5개 | 옵션 18개 | 패키지 11개
[2026-09-29 18:34:06]   [수집성공] KG모빌리티(쌍용) 베리 뉴 티볼리 (2019년형) -> 등급 5개 | 옵션 19개 | 패키지 11개
[2026-09-29 18:34:08] ▶ [KG모빌리티(쌍용)] 티볼리 아머 (연식 3개: 2019~2017)
[2026-09-29 18:34:08]   [수집성공] KG모빌리티(쌍용) 티볼리 아머 (2019년형) -> 등급 15개 | 옵션 22개 | 패키지 14개
[2026-09-29 18:34:09]   [수집성공] KG모빌리티(쌍용) 티볼리 아머 (2018년형) -> 등급 15개 | 옵션 28개 | 패키지 15개
[2026-09-29 18:34:10]   [수집성공] KG모빌리티(쌍용) 티볼리 아머 (2017년형) -> 등급 15개 | 옵션 22개 | 패키지 0개
[2026-09-29 18:34:10] ▶ [KG모빌리티(쌍용)] 티볼리 에어 (연식 8개: 2023~2016)
[2026-09-29 18:34:10]   [수집성공] KG모빌리티(쌍용) 티볼리 에어 (2023년형) -> 등급 3개 | 옵션 12개 | 패키지 7개
[2026-09-29 18:34:11]   [수집성공] KG모빌리티(쌍용) 티볼리 에어 (2022년형) -> 등급 4개 | 옵션 21개 | 패키지 11개
[2026-09-29 18:34:13]   [수집성공] KG모빌리티(쌍용) 티볼리 에어 (2021년형) -> 등급 3개 | 옵션 21개 | 패키지 13개
[2026-09-29 18:34:14]   [수집성공] KG모빌리티(쌍용) 티볼리 에어 (2020년형) -> 등급 3개 | 옵션 20개 | 패키지 12개
[2026-09-29 18:34:14]   [수집성공] KG모빌리티(쌍용) 티볼리 에어 (2019년형) -> 등급 13개 | 옵션 14개 | 패키지 9개
[2026-09-29 18:34:16]   [수집성공] KG모빌리티(쌍용) 티볼리 에어 (2018년형) -> 등급 13개 | 옵션 15개 | 패키지 10개
[2026-09-29 18:34:17]   [수집성공] KG모빌리티(쌍용) 티볼리 에어 (2017년형) -> 등급 10개 | 옵션 16개 | 패키지 3개
[2026-09-29 18:34:18]   [수집성공] KG모빌리티(쌍용) 티볼리 에어 (2016년형) -> 등급 7개 | 옵션 9개 | 패키지 7개
[2026-09-29 18:34:19] ▶ [KG모빌리티(쌍용)] 티볼리 (연식 3개: 2017~2015)
[2026-09-29 18:34:19]   [수집성공] KG모빌리티(쌍용) 티볼리 (2017년형) -> 등급 12개 | 옵션 25개 | 패키지 4개
[2026-09-29 18:34:21]   [수집성공] KG모빌리티(쌍용) 티볼리 (2016년형) -> 등급 11개 | 옵션 14개 | 패키지 1개
[2026-09-29 18:34:22]   [수집성공] KG모빌리티(쌍용) 티볼리 (2015년형) -> 등급 4개 | 옵션 9개 | 패키지 1개
[2026-09-29 18:34:23] 
🎉 모든 수집이 완료되었습니다!
[2026-09-29 18:34:23] 총 모델 수: 473개 | 총 연식 페이지: 1166개
[2026-09-29 18:34:23] 저장된 파일: C:\Users\car61\Desktop\제이프로젝트\data\encar_newcar_catalog.json
[2026-09-30 16:52:18] 기존 카탈로그 로드 완료: 307개 모델 등록됨
[2026-09-30 16:52:24] 기존 카탈로그 로드 완료: 307개 모델 등록됨
[2026-09-30 16:52:31] 기존 카탈로그 로드 완료: 307개 모델 등록됨
[2026-09-30 16:52:46] 기존 카탈로그 로드 완료: 307개 모델 등록됨
[2026-09-30 16:53:12] 기존 카탈로그 로드 완료: 307개 모델 등록됨
[2026-09-30 16:53:24] 기존 카탈로그 로드 완료: 307개 모델 등록됨
